22.4%, 66+ A5s+ A4o+ KQs KTs KTo+ QTs+ QTo+
9.2%, 88+ 66-55 ATs+ AQo+ KTs+ QTs+ JTs
9.7%, 55+ ATs+ AQo+ KTs+ KQo QTs+ JTs
9.5%, 55+ AJs+ AJo+ KTs+ QTs+
12.2%, 33+ ATs+ AJo+ KTs+ KQo QTs+ JTs T9s
15.0%, 22+ A9s+ ATo+ K9s+ KQo Q9s+ J9s+ T9s
5.8%, 88+ AJs+ AQo+
6.4%, 88+ AJs+ AQo+ KQs
7.6%, 77+ AJs+ AJo+ KQs
8.3%, 66+ ATs+ AJo+ KQs
9.2%, 66+ ATs+ ATo+ KQs
25.0%, 55+ A3s+ A3o+ KTs+ KTo+ QTs+ QTo+
10.7%, 55+ ATs+ AJo+ KTs+ KQo QTs+ JTs
11.8%, 44+ ATs+ AJo+ KTs+ KQo QTs+ JTs T9s
13.8%, 33+ A9s+ AJo+ K9s+ KQo Q9s+ J9s+ T9s
17.0%, 22+ A7s+ A5s-A4s ATo+ K9s+ KQo Q9s+ J9s+ T8s+ 98s
6.7%, 77+ AJs+ AQo+ KQs
8.3%, 66+ ATs+ AJo+ KQs
9.6%, 55+ A9s+ ATo+ KQs
11.0%, 55+ A8s+ ATo+ KJs+ KQo
29.8%, 44+ Ax K9s+ K9o+ QTs Q9o+ JTs JTo
14.1%, 33+ A9s+ ATo+ K9s+ KQo QTs+ J9s+ T9s
16.3%, 22+ A5s+ ATo+ K9s+ KQo Q9s+ J9s+ T9s 98s
20.8%, 22+ A2s+ A8o+ K9s+ KJo+ Q9s+ J9s+ T8s+ 98s
10.4%, 55+ A9s+ ATo+ KJs+
11.8%, 44+ A8s+ ATo+ KJs+ KQo
13.7%, 44+ A7s+ A5s A9o+ KTs+ KQo
37.2%, 33+ Ax K7s+ K7o+ Q8s+ Q8o+ J8s+ J8o+ T9o
21.3%, 22+ A2s+ A8o+ K9s+ KJo+ Q9s+ J9s+ T8s+ 98s 87s
27.6%, 22+ A2s+ A3o+ K9s+ KJo+ Q9s+ QJo J8s+ JTo T8s+ 97s+ 87s 76s
14.4%, 33+ A7s+ A5s A9o+ KTs+ KQo QJs
18.1%, 33+ A3s+ A7o+ KTs+ KJo+ QJs
87.2%, 22+ 8x+ 74s+ 74o+ 65s 64o+
48.4%, 22+ Ax K2s+ K4o+ Q3s+ Q9o+ J5s+ J9o+ T6s+ T8o+ 96s+ 98o 85s+ 87o 75s+ 64s+ 54s
31.6%, 22+ Ax K5s+ K8o+ Q8s+ QTo+ J9s+ JTo
21.3%, 66+ A4s+ A4o+ KQs KTs KTo+ QTs+ QTo+
8.6%, 88+ 55 ATs+ AQo+ KTs+ QTs+ JTs
9.6%, 55+ ATs+ AQo+ KTs+ QTs+ JTs
10.2%, 55+ ATs+ AJo+ KTs+ QTs+ JTs
12.0%, 44+ ATs+ AJo+ KTs+ KQo QTs+ JTs T9s
15.0%, 22+ A8s+ ATo+ K9s+ KQo QTs+ J9s+ T9s
6.0%, 88+ AJs+ AQo+
6.2%, 88+ AJs+ AQo+ KQs
7.4%, 77+ AJs+ AJo+ KQs
8.3%, 66+ ATs+ AJo+ KQs
9.6%, 66+ A9s+ ATo+ KQs
9.6%, 66+ A9s+ ATo+ KQs
9.6%, 77+ ATs+ AJo+ KTs+ QTs+ JTs
11.7%, 44+ ATs+ AJo+ KTs+ KQo QTs+ JTs
14.2%, 33+ A9s+ ATo+ KTs+ KQo QTs+ J9s+ T9s
17.2%, 22+ A7s+ A5s-A4s A9o+ K9s+ KQo Q9s+ J9s+ T9s 98s
7.9%, 77+ ATs+ AJo+ KQs
8.2%, 66+ ATs+ AJo+ KQs
8.2%, 66+ ATs+ AJo+ KQs
11.5%, 55+ A8s+ ATo+ KJs+ KQo
29.7%, 44+ Ax K9s+ K9o+ Q9s+ Q9o+ JTs J9o+
13.8%, 33+ A9s+ ATo+ K9s+ KQo QTs+ JTs T9s
16.5%, 22+ A5s+ ATo+ K9s+ KQo Q9s+ J9s+ T9s 98s
21.8%, 22+ A2s+ A8o+ K9s+ KJo+ Q9s+ QJo J8s+ T8s+ 98s 87s 76s
10.0%, 55+ A9s+ ATo+ KJs+
11.5%, 44+ A8s+ ATo+ KJs+ KQo
13.9%, 44+ A7s+ A5s A9o+ KTs+ KQo
36.9%, 33+ Ax K7s+ K7o+ Q8s+ Q8o+ J8s+ J8o+ T9s T9o
21.1%, 22+ A2s+ A8o+ K9s+ KJo+ Q9s+ QJo J9s+ T8s+ 98s 87s
27.4%, 22+ A2s+ A3o+ K9s+ KJo+ Q9s+ QJo J9s+ T8s+ 97s+ 87s 76s
14.4%, 33+ A7s+ A5s A9o+ KTs+ KQo
18.2%, 33+ A3s+ A7o+ KTs+ KJo+ QJs
79.3%, 22+ Qx+ J3s+ J3o+ Tx-9x 85s+ 85o+ 76s 76o 65o
45.8%, 22+ Ax K2s+ K5o+ Q3s+ Q9o+ J5s+ J9o+ T6s+ T9o 96s+ 98o 85s+ 75s+ 64s+ 54s
31.6%, 22+ Ax K5s+ K8o+ Q8s+ QTo+ J9s+ JTo
21.4%, 66+ A5s+ A5o+ KTs+ KTo+ QTs+ QTo+
8.6%, 88+ 55 ATs+ AQo+ KTs+ QTs+ JTs
8.7%, 77+ ATs+ AJo+ KTs+ QTs+
10.8%, 55+ ATs+ AJo+ KTs+ KQo QTs+ JTs
12.3%, 44+ ATs+ AJo+ KTs+ KQo QTs+ JTs T9s
15.1%, 22+ A9s+ ATo+ K9s+ KQo Q9s+ J9s+ T9s 98s
6.3%, 88+ AJs+ AQo+ KQs
7.1%, 77+ AJs+ AQo+ KQs
7.6%, 77+ ATs+ AJo+ KQs
8.4%, 66+ ATs+ AJo+ KQs
10.1%, 66+ A9s+ ATo+ KJs+
24.0%, 55+ A3s+ A3o+ KTs+ KTo+ QTs+ QTo+
10.8%, 55+ ATs+ AJo+ KTs+ QTs+ JTs
12.2%, 44+ ATs+ AJo+ K9s+ KQo QTs+ JTs T9s
14.3%, 33+ A9s+ ATo+ K9s+ KQo Q9s+ J9s+ T9s
17.0%, 22+ A4s+ ATo+ K9s+ KQo Q9s+ J9s+ T9s 98s
7.7%, 77+ AJs+ AJo+ KQs
8.3%, 66+ ATs+ AJo+ KQs
10.2%, 55+ A9s+ ATo+ KJs+
11.4%, 55+ A8s+ ATo+ KJs+ KQo
32.4%, 44+ Ax K8s+ K8o+ Q8s+ Q9o+ J9s+ J9o+
13.8%, 33+ A8s+ ATo+ KTs+ KQo QTs+ JTs T9s
17.1%, 22+ A4s+ ATo+ K9s+ KQo Q9s+ J9s+ T9s 98s
21.0%, 22+ A2s+ A8o+ K9s+ KJo+ Q9s+ J9s+ T8s+ 98s 87s
10.6%, 55+ A9s+ ATo+ KJs+
12.0%, 44+ A8s+ ATo+ KJs+ KQo
15.2%, 44+ A5s+ A8o+ KTs+ KQo QJs
38.4%, 33+ Ax K6s+ K6o+ Q8s+ Q8o+ J7s+ J7o+ T9s T9o
21.1%, 22+ A2s+ A8o+ K9s+ KJo+ Q9s+ QJo J9s+ T8s+ 98s 87s
27.6%, 22+ A2s+ A3o+ K9s+ KTo+ Q9s+ QJo J9s+ T8s+ 97s+ 87s 76s
15.7%, 33+ A5s+ A8o+ KTs+ KQo QJs
19.1%, 33+ A2s+ A7o+ KTs+ KJo+ QTs+
72.6%, 22+ Qx+ J4s+ J4o+ T4s+ T4o+ 9x 85s+ 85o+ 76s 76o
44.6%, 22+ Ax K2s+ K5o+ Q4s+ Q9o+ J7s+ J9o+ T6s+ T9o 96s+ 86s+ 75s+ 65s 54s
32.4%, 22+ Ax K4s+ K8o+ Q8s+ QTo+ J9s+ JTo
21.7%, 66+ A4s+ A4o+ KQs KTo+ QTs+ QTo+
8.4%, 88+ ATs+ AQo+ KTs+ QTs+ JTs
9.3%, 77+ ATs+ AJo+ KTs+ QTs+ JTs
9.8%, 66+ ATs+ AJo+ KTs+ QJs JTs
12.9%, 33+ A9s+ AJo+ K9s+ KQo QTs+ JTs T9s
15.5%, 22+ A8s+ A5s ATo+ K9s+ KQo Q9s+ J9s+ T9s
6.3%, 88+ AJs+ AQo+ KQs
7.1%, 77+ ATs+ AQo+ KQs
8.0%, 77+ ATs+ AJo+ KQs
8.5%, 66+ ATs+ AJo+ KQs
10.7%, 66+ A8s+ ATo+ KQs KQo
23.8%, 55+ A8s+ A6s-A2s A2o+ KJs+ KTo+ QTs QTo+
11.0%, 44+ ATs+ AJo+ KTs+ KQo QTs+ JTs
12.3%, 44+ ATs+ AJo+ K9s+ KQo QTs+ JTs T9s
14.3%, 33+ A9s+ ATo+ K9s+ KQo Q9s+ J9s+ T9s
17.1%, 22+ A7s+ A5s A9o+ K9s+ KQo Q9s+ J9s+ T9s 98s
8.1%, 66+ ATs+ AJo+ KQs
8.7%, 66+ A9s+ AJo+ KQs
10.7%, 55+ A9s+ ATo+ KJs+ KQo
11.7%, 55+ A8s+ ATo+ KJs+ KQo
28.1%, 44+ Ax KJs+ KQo KTo-K9o Q9o+ JTs JTo
13.8%, 33+ A8s+ ATo+ KTs+ KQo QTs+ JTs T9s
17.5%, 22+ A4s+ A9o+ K9s+ KQo Q9s+ J9s+ T9s 98s
21.3%, 22+ A2s+ A8o+ K9s+ KJo+ Q9s+ J9s+ T8s+ 98s
11.8%, 44+ A8s+ ATo+ KJs+ KQo
12.7%, 44+ A7s+ ATo+ KJs+ KQo
15.4%, 44+ A4s+ A8o+ KJs+ KQo
36.8%, 33+ Ax K7s+ K7o+ Q8s+ Q8o+ J9s-J8s J8o+ T9s T9o
21.6%, 22+ A2s+ A8o+ K9s+ KJo+ Q9s+ QJo J9s+ T8s+ 98s 87s
27.5%, 22+ A2s+ A3o+ K9s+ KTo+ Q9s+ QJo J9s+ T8s+ 98s 87s 76s
16.0%, 33+ A4s+ A8o+ KTs+ KQo QJs
19.7%, 33+ A2s+ A6o+ KTs+ KJo+ QTs+
76.3%, 22+ Qx+ J4s+ J4o+ T4s+ T4o+ 9x 84s+ 84o+ 76o
49.4%, 22+ Ax K2s+ K4o+ Q2s+ Q8o+ J5s+ J9o+ T6s+ T8o+ 96s+ 98o 85s+ 75s+ 64s+ 53s+
33.3%, 22+ Ax K4s+ K7o+ Q8s+ QTo+ J9s+ JTo T9s
19.0%, 66+ A9s+ A7s-A5s A5o+ KQs KTo+ QJs QTo+
8.8%, 77+ ATs+ AQo+ KTs+ QTs+ JTs
9.2%, 77+ 55 ATs+ AQo+ KTs+ QTs+ JTs
10.3%, 55+ ATs+ AJo+ KTs+ QTs+ JTs
12.7%, 22+ A9s+ AJo+ KTs+ KQo QTs+ JTs
14.9%, 22+ A8s+ ATo+ K9s+ KQo QTs+ J9s+ T9s
6.5%, 88+ ATs+ AQo+ KQs
7.0%, 77+ ATs+ AQo+ KQs
7.7%, 77+ ATs+ AJo+ KQs
8.7%, 66+ A9s+ AJo+ KQs
10.3%, 66+ A9s+ ATo+ KQs KQo
23.2%, 55+ A8s+ A6s-A4s A3o+ KJs+ KTo+ QTo+
11.2%, 55+ ATs+ AJo+ KTs+ KQo QTs+ JTs
11.9%, 44+ ATs+ AJo+ KTs+ KQo QTs+ JTs
14.1%, 22+ A9s+ ATo+ KTs+ KQo QTs+ J9s+ T9s
17.0%, 22+ A4s+ A9o+ K9s+ KQo QTs+ J9s+ T9s 98s
8.2%, 66+ ATs+ AJo+ KQs
9.0%, 66+ A9s+ AJo+ KQs
10.5%, 55+ A9s+ ATo+ KJs+
12.2%, 55+ A8s+ A9o+ KJs+ KQo
30.5%, 44+ Ax K8s+ K8o+ Q9s+ Q9o+ JTs J9o+
14.2%, 33+ A8s+ ATo+ KTs+ KQo QTs+ JTs T9s
17.6%, 22+ A4s+ A9o+ K9s+ KQo Q9s+ J9s+ T9s
20.6%, 22+ A2s+ A8o+ K9s+ KJo+ Q9s+ J9s+ T9s 98s
11.0%, 55+ A9s+ ATo+ KJs+ KQo
13.0%, 44+ A7s+ A9o+ KJs+ KQo
15.4%, 44+ A5s+ A8o+ KTs+ KQo QJs
36.3%, 33+ Ax K7s+ K7o+ Q8s+ Q8o+ J8s+ J8o+ T9s T9o
21.2%, 22+ A2s+ A7o+ K9s+ KJo+ Q9s+ J9s+ T9s 98s
25.5%, 22+ A2s+ A4o+ K9s+ KTo+ Q9s+ QJo J9s+ T8s+ 98s 87s
17.1%, 33+ A4s+ A8o+ KTs+ KJo+ QTs+
20.3%, 33+ A2s+ A6o+ KTs+ KJo+ QTs+ JTs
77.7%, 22+ Qx+ J3s+ J3o+ T3s+ T3o+ 93s+ 93o+ 84s+ 84o+ 76o
50.0%, 22+ Ax K2s+ K3o+ Q2s+ Q8o+ J5s+ J9o+ T6s+ T8o+ 96s+ 98o 85s+ 75s+ 64s+ 54s
34.9%, 22+ Ax K3s+ K6o+ Q8s+ Q9o+ J9s+ JTo T9s
19.5%, 66+ A5s+ A5o+ KQs KTo+ QJs QTo+
9.1%, 77+ ATs+ AQo+ KTs+ QTs+ JTs
9.7%, 77+ 55 ATs+ AJo+ KTs+ QTs+ JTs
10.4%, 55+ ATs+ AJo+ KTs+ QTs+ JTs
12.4%, 33+ ATs+ AJo+ KTs+ KQo QTs+ JTs
14.7%, 22+ A8s+ A5s ATo+ KTs+ KQo QTs+ JTs T9s
7.2%, 77+ ATs+ AQo+ KQs
7.7%, 77+ ATs+ AJo+ KQs
8.1%, 66+ ATs+ AJo+ KQs
9.0%, 66+ A9s+ AJo+ KQs
10.3%, 66+ A9s+ ATo+ KQs KQo
23.0%, 55+ A4s+ A4o+ KJs+ KTo+ QJs QTo+
23.0%, 55+ A4s+ A4o+ KJs+ KTo+ QJs QTo+
11.7%, 55+ A9s+ AJo+ KTs+ KQo QTs+ JTs
14.2%, 22+ A8s+ ATo+ KTs+ KQo QTs+ JTs T9s
16.9%, 22+ A7s+ A5s A9o+ K9s+ KQo QTs+ J9s+ T9s 98s
8.7%, 66+ A9s+ AJo+ KQs
9.3%, 66+ A9s+ AJo+ KQs
11.1%, 55+ A9s+ ATo+ KJs+ KQo
12.5%, 55+ A8s+ A9o+ KJs+ KQo QJs
29.7%, 44+ Ax K9s+ K9o+ QJs Q9s Q9o+ JTs J9o+
13.9%, 33+ A8s+ ATo+ KTs+ KQo QTs+ JTs T9s
17.5%, 22+ A4s+ A9o+ KTs+ KJo+ QTs+ J9s+ T9s
21.6%, 22+ A2s+ A7o+ K9s+ KJo+ Q9s+ J9s+ T8s+ 98s 87s
11.7%, 44+ A8s+ ATo+ KJs+ KQo
13.8%, 44+ A7s+ A9o+ KTs+ KQo QJs
15.8%, 44+ A4s+ A8o+ KTs+ KQo QJs
35.6%, 22+ Ax KTs+ K8s-K7s K7o+ Q8s+ Q8o+ J9s+ J9o+ T9o
21.3%, 22+ A2s+ A7o+ K9s+ KJo+ Q9s+ J9s+ T9s 98s
27.0%, 22+ A2s+ A3o+ K9s+ KTo+ Q9s+ QJo J9s+ T8s+ 98s 87s
17.7%, 22+ A3s+ A8o+ KTs+ KJo+ QTs+
21.4%, 22+ A2s+ A5o+ KTs+ KJo+ QTs+ JTs
70.0%, 22+ Qx+ J4s+ J4o+ T3s+ T3o+ 94s+ 94o+ 87s 87o 76o
44.1%, 22+ Ax K2s+ K4o+ Q5s+ Q9o+ J7s+ J9o+ T7s+ T9o 96s+ 86s+ 75s+ 65s 54s
34.8%, 22+ Ax K3s+ K7o+ Q8s+ Q9o+ J9s+ JTo T9s
18.7%, 66+ ATs+ A8s-A6s A4s A4o+ KJs+ KTo+ QTo+
8.9%, 77+ ATs+ AQo+ KTs+ QTs+ JTs
9.1%, 66+ ATs+ AJo+ KTs+ QJs
10.0%, 66+ ATs+ AJo+ KTs+ QTs+ JTs
12.3%, 22+ ATs+ AJo+ KTs+ KQo QTs+ JTs
16.1%, 22+ A8s+ ATo+ K9s+ KQo Q9s+ J9s+ T8s+ 98s
7.0%, 88+ ATs+ AQo+ KJs+
9.1%, 66+ ATs+ AJo+ KJs+ KQo
9.1%, 66+ ATs+ AJo+ KJs+ KQo
10.1%, 66+ ATs+ ATo+ KJs+ KQo
10.5%, 66+ ATs+ A8s-A7s ATo+ KJs+ KQo
22.1%, 55+ A6s+ A4s-A2s A2o+ KJs+ KJo+ QJs QJo
11.3%, 55+ A9s+ AJo+ KTs+ KQo QTs+ JTs
12.0%, 55+ A9s+ ATo+ KTs+ KQo QTs+ JTs
14.4%, 22+ A8s+ ATo+ KTs+ KQo QTs+ JTs T9s
17.2%, 22+ A7s+ A5s A9o+ K9s+ KQo QTs+ J9s+ T9s 98s
9.8%, 66+ A9s+ AJo+ KJs+ KQo
11.0%, 55+ A9s+ ATo+ KJs+ KQo
11.8%, 55+ A8s+ ATo+ KJs+ KQo QJs
12.9%, 55+ A7s+ A9o+ KJs+ KQo QJs
28.2%, 44+ Ax K9s+ K9o+ QTs+ QTo+ JTo
13.9%, 33+ A7s+ ATo+ KTs+ KQo QTs+ JTs T9s
16.8%, 22+ A5s+ A9o+ KTs+ KQo QTs+ J9s+ T9s
20.5%, 22+ A2s+ A8o+ KTs+ KJo+ Q9s+ J9s+ T9s 98s
13.3%, 44+ A7s+ A5s ATo+ KTs+ KQo QJs
14.3%, 44+ A7s+ A5s A9o+ KTs+ KQo QJs
17.0%, 44+ A3s+ A8o+ KTs+ KJo+ QTs+
35.2%, 22+ Ax K7s+ K7o+ Q8s+ Q8o+ J9s+ J9o+ T9o
21.5%, 22+ A2s+ A7o+ K9s+ KJo+ Q9s+ J9s+ T9s 98s
28.0%, 22+ Ax K9s+ KTo+ Q9s+ QJo J9s+ T8s+ 98s 87s
18.5%, 22+ A3s+ A8o+ KTs+ KJo+ QTs+ JTs
22.1%, 22+ A2s+ A5o+ K9s+ KJo+ QTs+ JTs
70.1%, 22+ Kx+ Q7s+ Q5s-Q2s Q2o+ J4s+ J4o+ T9s T7s-T3s T2o+ 94s+ 94o+ 87s 87o
44.5%, 22+ Ax K2s+ K4o+ Q5s+ Q9o+ J7s+ J9o+ T7s+ T9o 96s+ 86s+ 75s+ 65s 54s
36.4%, 22+ Ax K2s+ K6o+ Q8s+ Q9o+ J8s+ JTo T9s
18.9%, 55+ A5s+ A5o+ KJs+ KJo+ QJs QJo
9.4%, 66+ ATs+ AJo+ KTs+ QTs+
9.7%, 66+ ATs+ AJo+ KTs+ KQo QJs
9.5%, 55+ ATs+ AJo+ KJs+ KQo
12.8%, 33+ ATs+ ATo+ KTs+ KQo QJs JTs
14.8%, 22+ A8s+ ATo+ K9s+ KQo QTs+ JTs T9s
8.2%, 77+ ATs+ AJo+ KJs+
9.0%, 66+ ATs+ AJo+ KJs+
9.7%, 55+ A9s+ AJo+ KQs KQo
10.6%, 55+ A9s+ ATo+ KJs+ KQo
11.3%, 55+ A8s+ ATo+ KJs+ KQo
22.9%, 55+ A5s+ A3s-A2s A2o+ KTs+ KTo+ QJs QJo
11.1%, 55+ ATs+ AJo+ KTs+ KQo QTs+ JTs
11.8%, 55+ ATs+ ATo+ KTs+ KQo QJs JTs
14.4%, 22+ A8s+ ATo+ KTs+ KQo QTs+ JTs T9s
17.7%, 22+ A5s+ A9o+ K9s+ KJo+ QTs+ J9s+ T9s 98s
10.8%, 55+ A9s+ ATo+ KJs+ KQo
11.5%, 55+ A8s+ ATo+ KJs+ KQo
12.6%, 55+ A7s+ A5s ATo+ KTs+ KQo QJs
14.0%, 55+ A5s+ A9o+ KTs+ KQo QJs
28.6%, 33+ Ax KTs+ K9o+ QTs+ Q9o+ JTs JTo
14.1%, 33+ A7s+ A5s ATo+ KTs+ KQo QTs+ JTs T9s
17.6%, 22+ A4s+ A9o+ KTs+ KJo+ QTs+ JTs T9s
20.8%, 22+ A2s+ A7o+ K9s+ KJo+ QTs+ J9s+ T9s 98s
13.0%, 44+ A7s+ ATo+ KTs+ KQo QJs
15.6%, 33+ A4s+ A9o+ KTs+ KQo QTs+ JTs
18.7%, 33+ A2s+ A7o+ KTs+ KJo+ QTs+ JTs
34.4%, 22+ Ax K7s+ K7o+ QTs+ Q9o+ JTs J9o+
21.5%, 22+ A2s+ A7o+ A5o K9s+ KJo+ Q9s+ J9s+ T9s 98s
27.7%, 22+ Ax K9s+ KTo+ Q9s+ QJo J9s+ T9s 98s 87s
19.8%, 22+ A2s+ A7o+ K9s+ KJo+ QTs+ JTs
19.8%, 22+ A2s+ A7o+ K9s+ KJo+ QTs+ JTs
71.1%, 22+ Qx+ J4s+ J4o+ T3s+ T3o+ 93s+ 93o+ 86s 86o+
48.9%, 22+ Kx+ Q3s+ Q8o+ J6s+ J9o+ T6s+ T9o 96s+ 85s+ 75s+ 64s+ 54s
37.6%, 22+ Ax K2s+ K5o+ Q7s+ Q9o+ J8s+ JTo T8s+
18.5%, 66+ A8s+ A6s A4s A3o+ KJs+ KJo+ QJo
8.9%, 66+ ATs+ AJo+ KJs+
9.9%, 66+ ATs+ AJo+ KTs+ QTs+ JTs
9.7%, 55+ ATs+ AJo+ KJs+ KQo
13.0%, 33+ A9s+ ATo+ KTs+ KQo QTs+ JTs
15.5%, 22+ A7s+ ATo+ K9s+ KQo Q9s+ J9s+ T9s
9.6%, 66+ ATs+ AJo+ KJs+ KQo
8.9%, 66+ ATs+ AJo+ KJs+
10.2%, 66+ A8s+ AJo+ KJs+ KQo
10.9%, 66+ A8s+ ATo+ KJs+ KQo
11.7%, 66+ A8s+ A9o+ KJs+ KQo
22.5%, 44+ Ax KTs+ KQo KTo QJs QJo
11.1%, 55+ ATs+ AJo+ KTs+ KQo QJs JTs
11.9%, 55+ A9s+ ATo+ KTs+ KQo QJs
14.5%, 33+ A7s+ ATo+ KTs+ KQo QTs+ JTs T9s
17.9%, 22+ A5s+ A9o+ K9s+ KJo+ QTs+ J9s+ T9s
11.5%, 55+ A8s+ ATo+ KTs+ KQo
12.8%, 44+ A7s+ A5s ATo+ KJs+ KQo QJs
13.4%, 44+ A5s+ ATo+ KTs+ KQo QJs
14.9%, 44+ A3s+ A9o+ KTs+ KQo QJs
27.6%, 33+ Ax KTs+ K8s K8o+ QTs+ QTo+ JTs JTo
14.7%, 33+ A7s+ A5s ATo+ KTs+ KQo QTs+ JTs T9s
18.0%, 22+ A3s+ A8o+ KTs+ KJo+ QTs+ JTs
21.4%, 22+ A2s+ A7o+ K9s+ KJo+ Q9s+ J9s+ T9s
14.6%, 33+ A5s+ A9o+ KTs+ KQo QJs
17.1%, 33+ A4s+ A8o+ KTs+ KJo+ QTs+ JTs
19.0%, 33+ A2s+ A7o+ KTs+ KJo+ QTs+ JTs
39.1%, 22+ Kx+ QTs+ Q8s Q8o+ JTs J8s J8o+ T9s
20.6%, 22+ A2s+ A7o+ KTs+ KJo+ QTs+ JTs T9s
27.3%, 22+ Ax K9s+ KTo+ Q9s+ QJo J9s+ T9s 98s
21.9%, 22+ A2s+ A7o+ A5o K9s+ KJo+ QTs+ JTs T9s
26.8%, 22+ Ax K7s+ KTo+ QTs+ QJo JTs T9s
74.0%, 22+ Qx+ J3s+ J3o+ T3s+ T2o+ 9x 87s 86o+
48.4%, 22+ Kx+ Q3s+ Q8o+ J6s+ J9o+ T6s+ T9o 96s+ 85s+ 75s+ 65s 54s
38.6%, 22+ Ax K2s+ K5o+ Q6s+ Q9o+ J8s+ JTo T8s+ 98s
18.1%, 55+ A5s+ A5o+ KJs+ KJo+ QJs
9.5%, 66+ ATs+ AJo+ KTs+ QJs
9.8%, 66+ ATs+ AJo+ KTs+ QJs JTs
10.1%, 55+ ATs+ AJo+ KJs+ KQo JTs
12.4%, 44+ A9s+ ATo+ KTs+ KQo QJs
14.7%, 22+ A7s+ ATo+ KTs+ KQo QTs+ JTs T9s
9.3%, 66+ ATs+ AJo+ KJs+ KQo
9.9%, 55+ A9s+ AJo+ KJs+ KQo
10.5%, 55+ A8s+ AJo+ KQs KQo
11.8%, 55+ A8s+ ATo+ KJs+ KQo QJs
12.4%, 55+ A7s+ A5s ATo+ KJs+ KQo QJs
22.5%, 44+ A4s+ A2s A2o+ KTs+ KQo QJs QJo
11.3%, 55+ A9s+ ATo+ KJs+ KQo QJs
11.7%, 55+ A9s+ ATo+ KTs+ KQo QJs
13.6%, 33+ A8s+ ATo+ KTs+ KQo QTs+ JTs
17.4%, 22+ A7s+ A5s A9o+ KTs+ KJo+ QTs+ J9s+ T9s
13.0%, 44+ A7s+ A5s ATo+ KTs+ KQo QJs
13.4%, 44+ A7s+ A5s-A4s ATo+ KTs+ KQo QJs
14.7%, 44+ A4s+ A9o+ KTs+ KQo QJs
15.4%, 44+ A4s+ A8o+ KTs+ KQo QJs
27.5%, 22+ Ax KTs+ KJo+ K9o-K8o QTs+ Q9o JTs JTo
13.7%, 33+ A7s+ ATo+ KTs+ KQo QTs+
18.4%, 22+ A3s+ A8o+ KTs+ KJo+ QTs+ JTs T9s
20.2%, 22+ A2s+ A7o+ KTs+ KJo+ QTs+ JTs T9s
16.8%, 22+ A4s+ A9o+ KTs+ KJo+ QTs+ JTs
18.2%, 22+ A3s+ A8o+ KTs+ KJo+ QTs+ JTs
20.9%, 22+ A2s+ A7o+ A5o KTs+ KJo+ QTs+ JTs
33.5%, 22+ Ax K7s+ K5s K7o+ K5o Q9s+ QTo+ J9s+ JTo T9s
21.8%, 22+ A2s+ A5o+ K9s+ KJo+ QTs+ JTs T9s
27.0%, 22+ Ax K9s+ KTo+ Q9s+ QJo J9s+ T9s
22.9%, 22+ A2s+ A5o+ K9s+ KJo+ Q9s+ J9s+ T9s
26.1%, 22+ A2s+ A3o+ K9s+ KTo+ Q9s+ QJo J9s+ T9s
72.2%, 22+ Qx+ J3s+ J3o+ T3s+ T3o+ 93s+ 93o+ 87s 86o+
49.3%, 22+ Kx+ Q2s+ Q8o+ J5s+ J9o+ T6s+ T9o 96s+ 85s+ 75s+ 65s 54s
42.2%, 22+ Ax K2s+ K4o+ Q5s+ Q8o+ J7s+ J9o+ T8s+ 98s 87s
18.7%, 55+ A4s+ A3o+ KTs+ KQo QJs
9.4%, 55+ ATs+ AJo+ KJs+ KQo
10.0%, 55+ ATs+ AJo+ KJs+ KQo
11.1%, 55+ ATs+ ATo+ KTs+ KQo QJs
12.7%, 33+ A8s+ ATo+ KJs+ KQo QJs
15.4%, 22+ A7s+ A9o+ KTs+ KQo QTs+ JTs
11.0%, 55+ A8s+ AJo+ KTs+ KQo QJs
11.6%, 55+ A8s+ AJo+ KTs+ KQo QJs
12.2%, 55+ A7s+ ATo+ KTs+ KQo QJs
13.2%, 55+ A4s+ ATo+ KTs+ KQo QJs
13.9%, 55+ A4s+ A9o+ KTs+ KQo QJs
22.2%, 33+ A3s+ A3o+ KTs+ KJo+ QTs+ JTs
11.7%, 55+ A9s+ ATo+ KTs+ KQo QJs
12.5%, 44+ A8s+ ATo+ KTs+ KQo QJs
13.9%, 33+ A7s+ ATo+ KTs+ KQo QTs+
17.7%, 22+ A5s+ A8o+ KTs+ KJo+ QTs+ JTs
14.5%, 33+ A7s+ A5s-A4s ATo+ KTs+ KQo QTs+ JTs
14.8%, 33+ A4s+ ATo+ KTs+ KQo QTs+ JTs
16.3%, 33+ A4s+ A9o+ KTs+ KJo+ QTs+ JTs
17.7%, 33+ A3s+ A8o+ KTs+ KJo+ QTs+ JTs
29.2%, 22+ Ax K9s+ K8o+ Q9s+ QJo Q9o J9s+ T9s
14.2%, 33+ A7s+ A9o+ KTs+ KQo QJs
17.3%, 22+ A4s+ A8o+ KTs+ KJo+ QTs+ JTs
21.1%, 22+ A2s+ A5o+ KTs+ KJo+ QTs+ JTs T9s
19.6%, 22+ A2s+ A9o+ K9s+ KJo+ Q9s+ QJo J9s+ T9s
21.8%, 22+ A2s+ A7o+ K9s+ KTo+ Q9s+ QJo J9s+ T9s
23.3%, 22+ A2s+ A5o+ K9s+ KTo+ Q9s+ QJo J9s+ T9s
34.7%, 22+ Ax K5s+ K5o+ Q9s+ QTo+ J9s+ JTo T8s+ 98s 87s
21.8%, 22+ A2s+ A5o+ K9s+ KJo+ QTs+ JTs
27.1%, 22+ Ax K8s+ KTo+ Q9s+ QJo JTs T9s
27.4%, 22+ A2s+ A4o+ K8s+ KTo+ Q9s+ QTo+ J9s+ T8s+ 98s 87s
30.0%, 22+ Ax K6s+ KTo+ Q9s+ QTo+ J9s+ T8s+ 98s 87s
68.3%, 22+ Kx+ Q3s+ Q2o+ J7s+ J5s-J3s J3o+ T4s+ T5o+ 94s+ 94o+ 87s 87o
48.7%, 22+ Kx+ Q2s+ Q8o+ J6s+ J9o+ T6s+ T9o 96s+ 86s+ 75s+ 65s 54s
45.7%, 22+ Kx+ Q3s+ Q8o+ J7s+ J9o+ T7s+ T9o 97s+ 87s
18.8%, 44+ A4s+ A5o+ KTs+ KQo QTs+ JTs
9.0%, 55+ ATs+ AJo+ KJs+
9.9%, 55+ ATs+ AJo+ KJs+ KQo
10.6%, 55+ ATs+ ATo+ KJs+ KQo
12.3%, 44+ A8s+ ATo+ KTs+ KQo QJs
15.4%, 22+ A7s+ A9o+ KTs+ KQo QTs+ JTs
13.1%, 44+ A8s+ ATo+ KTs+ KQo QTs+ JTs
13.5%, 44+ A7s+ ATo+ KTs+ KQo QTs+ JTs
13.7%, 44+ A7s+ A5s ATo+ KTs+ KQo QTs+ JTs
15.0%, 44+ A4s+ A9o+ KTs+ KQo QTs+ JTs
15.6%, 44+ A4s+ A9o+ KTs+ KQo QTs+ JTs
22.5%, 33+ A2s+ A4o+ K9s+ KJo+ QTs+ JTs T9s
11.9%, 44+ A9s+ ATo+ KJs+ KQo QJs
11.9%, 44+ A9s+ ATo+ KJs+ KQo QJs
14.3%, 33+ A7s+ A9o+ KTs+ KQo QJs
17.8%, 22+ A4s+ A8o+ KTs+ KJo+ QTs+ JTs
16.3%, 33+ A2s+ ATo+ K9s+ KQo QTs+ JTs T9s
16.9%, 33+ A2s+ A9o+ K9s+ KQo QTs+ JTs T9s
18.2%, 33+ A2s+ A8o+ K9s+ KJo+ QTs+ JTs T9s
19.6%, 33+ A2s+ A7o+ K9s+ KJo+ QTs+ JTs T9s
27.7%, 22+ Ax K9s+ KTo+ Q9s+ QJo J9s+ T8s+ 98s
14.5%, 44+ A7s+ A9o+ KTs+ KJo+ QJs
16.9%, 33+ A4s+ A8o+ KTs+ KJo+ QJs
21.3%, 22+ A2s+ A5o+ KTs+ KJo+ QTs+ JTs
21.5%, 22+ A2s+ A8o+ K9s+ KJo+ Q9s+ QJo J9s+ T8s+ 98s
24.3%, 22+ A2s+ A5o+ K9s+ KTo+ Q9s+ QJo J9s+ T8s+ 98s
25.8%, 22+ A2s+ A4o+ K9s+ KTo+ Q9s+ QJo J9s+ T8s+ 98s
35.0%, 22+ Ax K5s+ K8o+ Q8s+ QTo+ J8s+ JTo T7s+ 97s+ 86s+ 76s
22.4%, 22+ A2s+ A5o+ K9s+ KTo+ QTs+ JTs
26.8%, 22+ Ax K8s+ KTo+ Q9s+ QJo JTs
32.4%, 22+ Ax K6s+ KTo+ Q8s+ QTo+ J8s+ JTo T7s+ 97s+ 86s+ 76s
33.6%, 22+ Ax K5s+ K9o+ Q8s+ QTo+ J8s+ JTo T7s+ 97s+ 86s+ 76s
66.9%, 22+ Jx+ T6s+ T6o+ 96s+ 96o+ 86s+ 87o 76s 65s
49.7%, 22+ Kx+ Q2s+ Q7o+ J6s+ J8o+ T6s+ T9o 96s+ 86s+ 76s 65s
49.4%, 22+ Kx+ Q2s+ Q7o+ J6s+ J8o+ T6s+ T9o 96s+ 86s+ 76s 65s
19.6%, 33+ A3s+ A8o+ A5o K9s+ KJo+ Q9s+ J9s+ T9s
10.1%, 55+ ATs+ ATo+ KJs+
10.4%, 55+ A9s+ ATo+ KJs+
10.9%, 55+ A9s+ ATo+ KJs+ KQo
12.4%, 44+ A8s+ ATo+ KJs+ KQo
14.9%, 33+ A7s+ A5s A9o+ KTs+ KQo QTs+
16.3%, 33+ A7s+ A5s-A4s ATo+ K9s+ KJo+ Q9s+ J9s+ T9s
16.6%, 33+ A7s+ A5s-A4s ATo+ K9s+ KJo+ Q9s+ J9s+ T9s
17.1%, 33+ A3s+ ATo+ K9s+ KJo+ Q9s+ J9s+ T9s
18.0%, 33+ A3s+ A9o+ K9s+ KJo+ Q9s+ J9s+ T9s
19.0%, 33+ A3s+ A8o+ K9s+ KJo+ Q9s+ J9s+ T9s
23.8%, 22+ A2s+ A5o+ K9s+ KJo+ Q9s+ QJo J9s+ T8s+ 98s
11.7%, 44+ A8s+ ATo+ KJs+ KQo
12.0%, 44+ A8s+ ATo+ KJs+ KQo
14.8%, 33+ A7s+ A8o+ KTs+ KQo QJs
19.1%, 22+ A3s+ A7o+ KTs+ KJo+ QTs+ JTs
21.1%, 22+ A2s+ A8o+ K9s+ KJo+ Q9s+ QJo J9s+ T8s+ 98s
21.1%, 22+ A2s+ A8o+ K9s+ KJo+ Q9s+ QJo J9s+ T8s+ 98s
22.3%, 22+ A2s+ A7o+ K9s+ KJo+ Q9s+ QJo J9s+ T8s+ 98s
23.8%, 22+ A2s+ A5o+ K9s+ KJo+ Q9s+ QJo J9s+ T8s+ 98s
29.4%, 22+ Ax K8s+ KTo+ Q9s+ QJo J8s+ JTo T8s+ 98s 87s
14.9%, 44+ A7s+ A5s A8o+ KTs+ KQo QJs
18.1%, 33+ A3s+ A7o+ KTs+ KJo+ QJs
23.4%, 22+ A2s+ A4o+ K9s+ KTo+ QTs+ JTs
26.6%, 22+ A2s+ A5o+ K8s+ KTo+ Q9s+ QJo J8s+ JTo T8s+ 98s 87s
29.4%, 22+ Ax K8s+ KTo+ Q9s+ QJo J8s+ JTo T8s+ 98s 87s
29.4%, 22+ Ax K8s+ KTo+ Q9s+ QJo J8s+ JTo T8s+ 98s 87s
34.7%, 22+ Ax K4s+ K9o+ Q8s+ QTo+ J7s+ JTo T7s+ 97s+ 86s+ 76s 65s
22.3%, 22+ A2s+ A5o+ K9s+ KTo+ QTs+ JTs
29.4%, 22+ Ax K6s+ K9o+ Q9s+ QTo+ J9s+
34.7%, 22+ Ax K4s+ K9o+ Q8s+ QTo+ J7s+ JTo T7s+ 97s+ 86s+ 76s 65s
34.7%, 22+ Ax K4s+ K9o+ Q8s+ QTo+ J7s+ JTo T7s+ 97s+ 86s+ 76s 65s
65.3%, 22+ Qx+ J4s+ J5o+ T6s+ T6o+ 96s+ 96o+ 85s+ 87o 75s+ 65s 54s
49.6%, 22+ Kx+ Q2s+ Q6o+ J5s+ J8o+ T7s+ T9o 97s+ 87s
54.6%, 22+ Kx+ Q2s+ Q5o+ J4s+ J8o+ T6s+ T8o+ 96s+ 98o 85s+ 75s+ 65s 54s
21.0%, 22+ A2s+ A8o+ K9s+ KJo+ Q9s+ QJo J9s+ T8s+ 98s
10.2%, 55+ A9s+ ATo+ KJs+
10.3%, 55+ A9s+ ATo+ KJs+
10.6%, 55+ A9s+ ATo+ KJs+
13.3%, 44+ A7s+ A9o+ KTs+ KQo
13.3%, 44+ A7s+ A9o+ KTs+ KQo
19.9%, 22+ A2s+ A9o+ K9s+ KJo+ Q9s+ QJo J9s+ T8s+ 98s
20.1%, 22+ A2s+ A9o+ K9s+ KJo+ Q9s+ QJo J9s+ T8s+ 98s
20.3%, 22+ A2s+ A9o+ K9s+ KJo+ Q9s+ QJo J9s+ T8s+ 98s
21.0%, 22+ A2s+ A8o+ K9s+ KJo+ Q9s+ QJo J9s+ T8s+ 98s
21.0%, 22+ A2s+ A8o+ K9s+ KJo+ Q9s+ QJo J9s+ T8s+ 98s
25.3%, 22+ A2s+ A5o+ K9s+ KTo+ Q9s+ QJo J8s+ T8s+ 98s 87s
12.4%, 55+ A8s+ A9o+ KJs+ KQo
12.9%, 44+ A7s+ A9o+ KJs+ KQo
16.2%, 33+ A4s+ A8o+ KTs+ KQo QJs
22.5%, 22+ A2s+ A5o+ K9s+ KTo+ QTs+ JTs
24.8%, 22+ A2s+ A7o+ A5o K9s+ KTo+ Q9s+ QJo J8s+ T8s+ 98s 87s
25.3%, 22+ A2s+ A5o+ K9s+ KTo+ Q9s+ QJo J8s+ T8s+ 98s 87s
25.3%, 22+ A2s+ A5o+ K9s+ KTo+ Q9s+ QJo J8s+ T8s+ 98s 87s
25.3%, 22+ A2s+ A5o+ K9s+ KTo+ Q9s+ QJo J8s+ T8s+ 98s 87s
31.2%, 22+ Ax K6s+ KTo+ Q9s+ QTo+ J8s+ JTo T8s+ 97s+ 87s
15.1%, 44+ A5s+ A8o+ KTs+ KQo
20.5%, 22+ A2s+ A6o+ K9s+ KJo+ QTs+
28.1%, 22+ Ax K7s+ KTo+ Q9s+ QTo+ J9s+
31.2%, 22+ Ax K6s+ KTo+ Q9s+ QTo+ J8s+ JTo T8s+ 97s+ 87s
31.2%, 22+ Ax K6s+ KTo+ Q9s+ QTo+ J8s+ JTo T8s+ 97s+ 87s
31.2%, 22+ Ax K6s+ KTo+ Q9s+ QTo+ J8s+ JTo T8s+ 97s+ 87s
37.3%, 22+ Ax K3s+ K8o+ Q6s+ QTo+ J7s+ JTo T7s+ T9o 97s+ 86s+ 76s 65s
25.5%, 22+ A2s+ A3o+ K8s+ KTo+ QTs+ QJo JTs
32.4%, 22+ Ax K4s+ K8o+ Q8s+ QTo+ J9s+ JTo T9s
37.3%, 22+ Ax K3s+ K8o+ Q6s+ QTo+ J7s+ JTo T7s+ T9o 97s+ 86s+ 76s 65s
37.3%, 22+ Ax K3s+ K8o+ Q6s+ QTo+ J7s+ JTo T7s+ T9o 97s+ 86s+ 76s 65s
66.4%, 22+ Qx+ J2s+ J6o+ T3s+ T7o+ 95s+ 97o+ 84s+ 87o 74s+ 76o 64s+ 53s+ 43s
49.6%, 22+ Kx+ Q2s+ Q6o+ J5s+ J8o+ T7s+ T8o+ 97s+
64.3%, 22+ Kx+ Q2s+ Q3o+ J2s+ J7o+ T3s+ T7o+ 95s+ 97o+ 84s+ 87o 74s+ 76o 64s+ 53s+ 43s
22.2%, 22+ A2s+ A7o+ K9s+ KJo+ Q9s+ QJo J9s+ T8s+ 98s
10.3%, 55+ A8s+ ATo+ KJs+
10.6%, 55+ A8s+ ATo+ KJs+
12.1%, 44+ A8s+ ATo+ KJs+ KQo
16.4%, 33+ A4s+ A8o+ KTs+ KQo QJs
24.4%, 22+ A2s+ A4o+ K9s+ KTo+ Q9s+ QJo JTs
22.2%, 22+ A2s+ A7o+ K9s+ KJo+ Q9s+ QJo J9s+ T8s+ 98s
22.2%, 22+ A2s+ A7o+ K9s+ KJo+ Q9s+ QJo J9s+ T8s+ 98s
22.2%, 22+ A2s+ A7o+ K9s+ KJo+ Q9s+ QJo J9s+ T8s+ 98s
22.2%, 22+ A2s+ A7o+ K9s+ KJo+ Q9s+ QJo J9s+ T8s+ 98s
22.2%, 22+ A2s+ A7o+ K9s+ KJo+ Q9s+ QJo J9s+ T8s+ 98s
27.0%, 22+ A2s+ A4o+ K7s+ KTo+ Q9s+ QJo J9s+ T8s+ 98s 87s
13.1%, 44+ A7s+ A9o+ KJs+ KQo
13.9%, 44+ A7s+ A8o+ KJs+ KQo
19.5%, 22+ A2s+ A7o+ KTs+ KJo+ QTs+ JTs
28.2%, 22+ Ax K7s+ KTo+ Q9s+ QTo+ J9s+ T9s
27.0%, 22+ A2s+ A4o+ K7s+ KTo+ Q9s+ QJo J9s+ T8s+ 98s 87s
27.0%, 22+ A2s+ A4o+ K7s+ KTo+ Q9s+ QJo J9s+ T8s+ 98s 87s
27.0%, 22+ A2s+ A4o+ K7s+ KTo+ Q9s+ QJo J9s+ T8s+ 98s 87s
27.0%, 22+ A2s+ A4o+ K7s+ KTo+ Q9s+ QJo J9s+ T8s+ 98s 87s
32.8%, 22+ Ax K5s+ K9o+ Q8s+ QTo+ J8s+ JTo T8s+ 97s+ 87s 76s
16.8%, 33+ A4s+ A8o+ KTs+ KJo+ QJs
23.5%, 22+ A2s+ A5o+ K9s+ KTo+ QTs+ QJo JTs
32.4%, 22+ Ax K4s+ K9o+ Q8s+ QTo+ J8s+ JTo T8s+ 98s
32.8%, 22+ Ax K5s+ K9o+ Q8s+ QTo+ J8s+ JTo T8s+ 97s+ 87s 76s
32.8%, 22+ Ax K5s+ K9o+ Q8s+ QTo+ J8s+ JTo T8s+ 97s+ 87s 76s
32.8%, 22+ Ax K5s+ K9o+ Q8s+ QTo+ J8s+ JTo T8s+ 97s+ 87s 76s
38.8%, 22+ Ax K2s+ K7o+ Q6s+ Q9o+ J7s+ JTo T7s+ 97s+ 86s+ 76s 65s
29.0%, 22+ Ax K6s+ K9o+ Q9s+ QTo+ JTs
37.3%, 22+ Ax K2s+ K6o+ Q6s+ Q9o+ J8s+ JTo T8s+ 98s
38.8%, 22+ Ax K2s+ K7o+ Q6s+ Q9o+ J7s+ JTo T7s+ 97s+ 86s+ 76s 65s
38.8%, 22+ Ax K2s+ K7o+ Q6s+ Q9o+ J7s+ JTo T7s+ 97s+ 86s+ 76s 65s
68.5%, 22+ Qx+ J2s+ J5o+ T2s+ T7o+ 95s+ 97o+ 84s+ 86o+ 74s+ 76o 63s+ 53s+ 43s
54.4%, 22+ Kx+ Q2s+ Q4o+ J4s+ J7o+ T6s+ T8o+ 97s+ 98o 87s
68.5%, 22+ Qx+ J2s+ J5o+ T2s+ T7o+ 95s+ 97o+ 84s+ 86o+ 74s+ 76o 63s+ 53s+ 43s
24.4%, 22+ A2s+ A7o+ A5o K8s+ KTo+ Q9s+ QJo J9s+ T9s 98s
11.7%, 55+ A8s+ ATo+ KJs+ KQo
13.1%, 44+ A7s+ A9o+ KJs+ KQo
13.4%, 44+ A7s+ A9o+ KTs+ KQo
19.8%, 22+ A2s+ A7o+ K9s+ KJo+ QTs+ JTs
32.6%, 22+ Ax K5s+ K9o+ Q8s+ QTo+ J8s+ JTo T8s+ 98s 87s
24.4%, 22+ A2s+ A7o+ A5o K8s+ KTo+ Q9s+ QJo J9s+ T9s 98s
24.4%, 22+ A2s+ A7o+ A5o K8s+ KTo+ Q9s+ QJo J9s+ T9s 98s
24.4%, 22+ A2s+ A7o+ A5o K8s+ KTo+ Q9s+ QJo J9s+ T9s 98s
24.4%, 22+ A2s+ A7o+ A5o K8s+ KTo+ Q9s+ QJo J9s+ T9s 98s
24.4%, 22+ A2s+ A7o+ A5o K8s+ KTo+ Q9s+ QJo J9s+ T9s 98s
29.2%, 22+ A2s+ A3o+ K6s+ KTo+ Q9s+ QTo+ J9s+ JTo T8s+ 98s
15.0%, 44+ A5s+ A8o+ KTs+ KQo QJs
16.1%, 44+ A5s+ A8o+ KTs+ KJo+ QJs
23.8%, 22+ A2s+ A5o+ K8s+ KTo+ QTs+ QJo JTs
35.2%, 22+ Ax K2s+ K8o+ Q7s+ QTo+ J8s+ JTo T8s+ 97s+ 87s 76s
29.2%, 22+ A2s+ A3o+ K6s+ KTo+ Q9s+ QTo+ J9s+ JTo T8s+ 98s
29.2%, 22+ A2s+ A3o+ K6s+ KTo+ Q9s+ QTo+ J9s+ JTo T8s+ 98s
29.2%, 22+ A2s+ A3o+ K6s+ KTo+ Q9s+ QTo+ J9s+ JTo T8s+ 98s
29.2%, 22+ A2s+ A3o+ K6s+ KTo+ Q9s+ QTo+ J9s+ JTo T8s+ 98s
33.0%, 22+ Ax K4s+ K9o+ Q8s+ QTo+ J8s+ JTo T8s+ 97s+ 87s
18.2%, 33+ A3s+ A7o+ KTs+ KJo+ QTs+
27.6%, 22+ A2s+ A3o+ K7s+ KTo+ Q9s+ QTo+ J9s+ T9s
39.7%, 22+ Ax K2s+ K6o+ Q5s+ Q9o+ J7s+ JTo T7s+ 97s+ 86s+ 76s 65s
33.0%, 22+ Ax K4s+ K9o+ Q8s+ QTo+ J8s+ JTo T8s+ 97s+ 87s
33.0%, 22+ Ax K4s+ K9o+ Q8s+ QTo+ J8s+ JTo T8s+ 97s+ 87s
33.0%, 22+ Ax K4s+ K9o+ Q8s+ QTo+ J8s+ JTo T8s+ 97s+ 87s
41.5%, 22+ Ax K2s+ K5o+ Q5s+ Q9o+ J7s+ J9o+ T7s+ T9o 97s+ 87s 76s
32.1%, 22+ Ax K5s+ K8o+ Q8s+ QTo+ J9s+ JTo T9s
46.0%, 22+ Ax K2s+ K3o+ Q2s+ Q8o+ J7s+ J9o+ T7s+ T9o 97s+ 86s+ 76s 65s
41.5%, 22+ Ax K2s+ K5o+ Q5s+ Q9o+ J7s+ J9o+ T7s+ T9o 97s+ 87s 76s
41.5%, 22+ Ax K2s+ K5o+ Q5s+ Q9o+ J7s+ J9o+ T7s+ T9o 97s+ 87s 76s
71.5%, 22+ Qx+ J2s+ J3o+ T2s+ T6o+ 94s+ 97o+ 84s+ 86o+ 74s+ 76o 64s+ 53s+ 43s
62.0%, 22+ Qx+ J2s+ J5o+ T4s+ T7o+ 95s+ 97o+ 86s+ 76s
71.5%, 22+ Qx+ J2s+ J3o+ T2s+ T6o+ 94s+ 97o+ 84s+ 86o+ 74s+ 76o 64s+ 53s+ 43s
27.0%, 22+ A2s+ A4o+ K6s+ KTo+ Q9s+ QTo+ J9s+ T9s
14.0%, 44+ A7s+ A5s A9o+ KTs+ KQo QJs
15.2%, 44+ A5s+ A9o+ KTs+ KJo+ QJs
16.7%, 44+ A4s+ A8o+ KTs+ KJo+ QTs+
26.4%, 22+ A2s+ A4o+ K6s+ KTo+ Q9s+ QJo J9s+ T9s 98s
48.7%, 22+ Ax K2s+ K5o+ Q3s+ Q9o+ J5s+ J9o+ T6s+ T8o+ 95s+ 98o 85s+ 87o 75s+ 64s+ 53s+
27.0%, 22+ A2s+ A4o+ K6s+ KTo+ Q9s+ QTo+ J9s+ T9s
27.0%, 22+ A2s+ A4o+ K6s+ KTo+ Q9s+ QTo+ J9s+ T9s
27.0%, 22+ A2s+ A4o+ K6s+ KTo+ Q9s+ QTo+ J9s+ T9s
27.0%, 22+ A2s+ A4o+ K6s+ KTo+ Q9s+ QTo+ J9s+ T9s
27.0%, 22+ A2s+ A4o+ K6s+ KTo+ Q9s+ QTo+ J9s+ T9s
31.4%, 22+ Ax K5s+ K9o+ Q8s+ QTo+ J8s+ JTo T9s
17.3%, 44+ A4s+ A8o+ K9s+ KJo+ QTs+ JTs
19.0%, 33+ A3s+ A8o+ K9s+ KTo+ QTs+ JTs
31.5%, 22+ A2s+ A3o+ K5s+ K9o+ Q8s+ QTo+ J8s+ JTo T8s+ 98s 87s
54.5%, 22+ Ax K2s+ K4o+ Q2s+ Q8o+ J4s+ J8o+ T6s+ T8o+ 95s+ 97o+ 85s+ 87o 74s+ 76o 64s+ 53s+
31.4%, 22+ Ax K5s+ K9o+ Q8s+ QTo+ J8s+ JTo T9s
31.4%, 22+ Ax K5s+ K9o+ Q8s+ QTo+ J8s+ JTo T9s
31.4%, 22+ Ax K5s+ K9o+ Q8s+ QTo+ J8s+ JTo T9s
31.4%, 22+ Ax K5s+ K9o+ Q8s+ QTo+ J8s+ JTo T9s
36.2%, 22+ Ax K2s+ K7o+ Q6s+ Q9o+ J8s+ JTo T8s+ 98s
21.1%, 33+ A2s+ A7o+ K9s+ KTo+ QTs+ QJo JTs
32.7%, 22+ Ax K4s+ K9o+ Q8s+ QTo+ J8s+ JTo T8s+ 98s 87s
56.9%, 22+ Kx+ Q2s+ Q8o+ J3s+ J8o+ T4s+ T8o+ 95s+ 98o 84s+ 87o 74s+ 76o 63s+ 53s+ 43s
36.2%, 22+ Ax K2s+ K7o+ Q6s+ Q9o+ J8s+ JTo T8s+ 98s
36.2%, 22+ Ax K2s+ K7o+ Q6s+ Q9o+ J8s+ JTo T8s+ 98s
36.2%, 22+ Ax K2s+ K7o+ Q6s+ Q9o+ J8s+ JTo T8s+ 98s
42.8%, 22+ Ax K2s+ K4o+ Q4s+ Q8o+ J7s+ J9o+ T7s+ T9o 98s
37.0%, 22+ Ax K2s+ K7o+ Q6s+ Q9o+ J8s+ JTo T8s+ 98s 87s 76s
64.2%, 22+ Kx+ Q2s+ Q4o+ J2s+ J7o+ T3s+ T7o+ 95s+ 97o+ 84s+ 87o 74s+ 76o 63s+ 53s+ 43s
42.8%, 22+ Ax K2s+ K4o+ Q4s+ Q8o+ J7s+ J9o+ T7s+ T9o 98s
42.8%, 22+ Ax K2s+ K4o+ Q4s+ Q8o+ J7s+ J9o+ T7s+ T9o 98s
73.8%, 22+ Jx+ T2s+ T5o+ 93s+ 96o+ 84s+ 86o+ 74s+ 76o 64s+ 54s
74.1%, 22+ Jx+ T2s+ T5o+ 93s+ 96o+ 84s+ 86o+ 74s+ 76o 64s+ 53s+
73.8%, 22+ Jx+ T2s+ T5o+ 93s+ 96o+ 84s+ 86o+ 74s+ 76o 64s+ 54s
29.0%, 33+ A2s+ A4o+ K5s+ K9o+ Q8s+ QTo+ J9s+ JTo T9s
18.3%, 44+ A4s+ A8o+ K9s+ KTo+ QTs+ JTs
19.5%, 44+ A3s+ A8o+ K9s+ KTo+ QTs+ QJo JTs
20.1%, 44+ A2s+ A8o+ K9s+ KTo+ Q9s+ QJo JTs
39.4%, 22+ Ax K2s+ K8o+ Q6s+ Q9o+ J7s+ J9o+ T7s+ T9o 97s+ 86s+ 76s 65s
85.5%, 22+ Qx+ J2s+ J3o+ T2s+ T6o+ 92s+ 95o+ 82s+ 84o+ 72s+ 74o+ 62s+ 63o+ 52s+ 53o+ 42s+ 43o 32s
29.0%, 33+ A2s+ A4o+ K5s+ K9o+ Q8s+ QTo+ J9s+ JTo T9s
29.0%, 33+ A2s+ A4o+ K5s+ K9o+ Q8s+ QTo+ J9s+ JTo T9s
29.0%, 33+ A2s+ A4o+ K5s+ K9o+ Q8s+ QTo+ J9s+ JTo T9s
29.0%, 33+ A2s+ A4o+ K5s+ K9o+ Q8s+ QTo+ J9s+ JTo T9s
29.0%, 33+ A2s+ A4o+ K5s+ K9o+ Q8s+ QTo+ J9s+ JTo T9s
32.0%, 33+ A2s+ A3o+ K4s+ K9o+ Q8s+ Q9o+ J8s+ JTo T8s+ 98s
20.7%, 44+ A2s+ A8o+ K9s+ KTo+ Q9s+ QJo J9s+ T9s
21.9%, 44+ A2s+ A7o+ K8s+ KTo+ Q9s+ QJo J9s+ T9s
41.2%, 22+ Ax K2s+ K7o+ Q5s+ Q9o+ J7s+ J9o+ T7s+ T9o 96s+ 86s+ 75s+ 65s
41.2%, 22+ Ax K2s+ K7o+ Q5s+ Q9o+ J7s+ J9o+ T7s+ T9o 96s+ 86s+ 75s+ 65s
32.0%, 33+ A2s+ A3o+ K4s+ K9o+ Q8s+ Q9o+ J8s+ JTo T8s+ 98s
32.0%, 33+ A2s+ A3o+ K4s+ K9o+ Q8s+ Q9o+ J8s+ JTo T8s+ 98s
32.0%, 33+ A2s+ A3o+ K4s+ K9o+ Q8s+ Q9o+ J8s+ JTo T8s+ 98s
32.0%, 33+ A2s+ A3o+ K4s+ K9o+ Q8s+ Q9o+ J8s+ JTo T8s+ 98s
36.8%, 33+ Ax K2s+ K7o+ Q6s+ Q9o+ J8s+ J9o+ T8s+ 98s
26.2%, 33+ A2s+ A5o+ K7s+ KTo+ Q9s+ QTo+ J9s+ JTo T9s
43.0%, 22+ Ax K2s+ K6o+ Q4s+ Q9o+ J7s+ J9o+ T6s+ T9o 96s+ 86s+ 75s+ 65s 54s
90.0%, 22+ Jx+ T2s+ T3o+ 92s+ 95o+ 82s+ 84o+ 72s+ 74o+ 62s+ 63o+ 5x 42s+ 43o 32s
36.8%, 33+ Ax K2s+ K7o+ Q6s+ Q9o+ J8s+ J9o+ T8s+ 98s
36.8%, 33+ Ax K2s+ K7o+ Q6s+ Q9o+ J8s+ J9o+ T8s+ 98s
36.8%, 33+ Ax K2s+ K7o+ Q6s+ Q9o+ J8s+ J9o+ T8s+ 98s
42.1%, 22+ Ax K2s+ K5o+ Q4s+ Q8o+ J7s+ J9o+ T7s+ T9o 98s
48.4%, 22+ Ax K2s+ K5o+ Q3s+ Q8o+ J5s+ J8o+ T6s+ T8o+ 96s+ 98o 86s+ 75s+ 65s 54s
94.6%, 22+ Tx+ 92s+ 93o+ 82s+ 84o+ 72s+ 73o+ 62s+ 63o+ 5x-4x 32s
42.1%, 22+ Ax K2s+ K5o+ Q4s+ Q8o+ J7s+ J9o+ T7s+ T9o 98s
42.1%, 22+ Ax K2s+ K5o+ Q4s+ Q8o+ J7s+ J9o+ T7s+ T9o 98s
77.8%, 22+ Tx+ 92s+ 95o+ 84s+ 85o+ 74s+ 76o 64s+ 54s
92.3%, 22+ 9x+ 82s+ 84o+ 72s+ 74o+ 62s+ 63o+ 52s+ 53o+ 42s+ 43o 32s
77.8%, 22+ Tx+ 92s+ 95o+ 84s+ 85o+ 74s+ 76o 64s+ 54s
40.3%, 22+ Ax K2s+ K7o+ Q5s+ Q9o+ J7s+ J9o+ T7s+ T9o 97s+ 86s+ 76s
40.6%, 22+ Ax K2s+ K8o+ Q5s+ Q9o+ J7s+ J9o+ T7s+ T9o 96s+ 86s+ 75s+ 65s 54s
40.9%, 22+ Ax K2s+ K9o+ Q4s+ Q9o+ J7s+ J9o+ T6s+ T9o 96s+ 85s+ 75s+ 64s+ 54s
100.0%, Any two
42.1%, 22+ Ax K2s+ K6o+ Q4s+ Q8o+ J7s+ J9o+ T7s+ T9o 97s+ 87s 76s
86.4%, 22+ Qx+ J2s+ J3o+ T2s+ T5o+ 92s+ 95o+ 82s+ 84o+ 72s+ 74o+ 62s+ 63o+ 52s+ 53o+ 42s+ 43o 32s
39.7%, 22+ Ax K2s+ K8o+ Q5s+ Q9o+ J7s+ J9o+ T7s+ T9o 97s+ 86s+ 76s 65s
85.5%, 22+ Qx+ J2s+ J4o+ T2s+ T5o+ 92s+ 95o+ 82s+ 84o+ 72s+ 74o+ 62s+ 63o+ 52s+ 53o+ 42s+ 43o 32s
100.0%, Any two
41.8%, 22+ Ax K2s+ K8o+ Q4s+ Q9o+ J7s+ J9o+ T6s+ T9o 96s+ 85s+ 75s+ 64s+ 54s
100.0%, Any two
40.3%, 22+ Ax K2s+ K7o+ Q5s+ Q9o+ J7s+ J9o+ T7s+ T9o 97s+ 86s+ 76s
86.4%, 22+ Qx+ J2s+ J3o+ T2s+ T5o+ 92s+ 95o+ 82s+ 84o+ 72s+ 74o+ 62s+ 63o+ 52s+ 53o+ 42s+ 43o 32s
41.3%, 33+ Ax K2s+ K6o+ Q4s+ Q8o+ J7s+ J9o+ T7s+ T9o 97s+ 87s
66.8%, 22+ Kx+ Q2s+ Q5o+ J2s+ J7o+ T2s+ T7o+ 93s+ 96o+ 84s+ 86o+ 73s+ 76o 63s+ 65o 53s+ 43s
42.8%, 33+ Ax K2s+ K5o+ Q4s+ Q8o+ J7s+ J8o+ T7s+ T9o 97s+
100.0%, Any two
100.0%, Any two
100.0%, Any two
68.6%, 22+ Kx+ Q2s+ Q4o+ J2s+ J7o+ T2s+ T6o+ 93s+ 96o+ 84s+ 86o+ 73s+ 76o 63s+ 65o 53s+ 43s
100.0%, Any two
100.0%, Any two
100.0%, Any two
100.0%, Any two
100.0%, Any two
89.4%, 22+ 9x+ 82s+ 84o+ 72s+ 74o+ 62s+ 64o+ 52s+ 54o 43s
100.0%, Any two
100.0%, Any two
100.0%, Any two
100.0%, Any two
89.4%, 22+ 9x+ 82s+ 84o+ 72s+ 74o+ 62s+ 64o+ 52s+ 54o 43s
100.0%, Any two
100.0%, Any two
100.0%, Any two
100.0%, Any two
46.3%, 22+ Ax K2s+ K5o+ Q3s+ Q8o+ J6s+ J8o+ T6s+ T8o+ 96s+ 86s+ 76s
46.9%, 22+ Ax K2s+ K5o+ Q3s+ Q8o+ J5s+ J8o+ T6s+ T8o+ 96s+ 86s+ 76s 65s
44.8%, 22+ Ax K2s+ K6o+ Q3s+ Q8o+ J6s+ J8o+ T6s+ T9o 96s+ 86s+ 76s 65s
44.3%, 33+ Ax K2s+ K5o+ Q4s+ Q8o+ J6s+ J8o+ T7s+ T8o+ 97s+ 87s
100.0%, Any two
100.0%, Any two
44.8%, 22+ Ax K2s+ K6o+ Q3s+ Q8o+ J6s+ J8o+ T6s+ T9o 96s+ 86s+ 76s 65s
100.0%, Any two
100.0%, Any two
100.0%, Any two
100.0%, Any two
100.0%, Any two
100.0%, Any two
100.0%, Any two
100.0%, Any two
100.0%, Any two
44.8%, 22+ Ax K2s+ K6o+ Q3s+ Q8o+ J6s+ J8o+ T6s+ T9o 96s+ 86s+ 76s 65s
43.9%, 22+ Ax K2s+ K6o+ Q3s+ Q8o+ J6s+ J9o+ T6s+ T9o 96s+ 86s+ 76s 65s
100.0%, Any two
100.0%, Any two
100.0%, Any two
100.0%, Any two
100.0%, Any two
100.0%, Any two
43.9%, 22+ Ax K2s+ K6o+ Q3s+ Q8o+ J6s+ J9o+ T6s+ T9o 96s+ 86s+ 76s 65s
100.0%, Any two
100.0%, Any two
100.0%, Any two
100.0%, Any two
100.0%, Any two
100.0%, Any two
100.0%, Any two
100.0%, Any two
100.0%, Any two
100.0%, Any two