7.9%, TT+ 66 ATs+ A5s-A3s AQo+ KTs+ QJs
3.8%, TT+ AQs+ AKo
3.8%, TT+ AQs+ AKo
3.8%, TT+ AQs+ AKo
3.8%, TT+ AQs+ AKo
4.5%, TT+ AQs+ AQo+
10.7%, 55+ A9s+ A5s-A4s AJo+ KTs+ QTs+ JTs
4.5%, 99+ AQs+ AKo
5.0%, 99+ AQs+ AQo+
5.1%, 99+ AQs+ AQo+
5.6%, 88+ AQs+ AQo+
14.6%, 33+ A8s+ A5s AJo+ K9s+ KJo+ Q9s+ J9s+ T9s
5.9%, 88+ AJs+ AQo+
6.9%, 77+ ATs+ AQo+
7.9%, 77+ ATs+ AJo+ KQs
22.4%, 22+ A2s+ A9o+ K7s+ KJo+ Q8s+ QJo J8s+ JTo T8s+ 98s
10.0%, 55+ A9s+ ATo+ KQs
11.5%, 55+ A8s+ ATo+ KJs+ KQo
40.2%, 22+ Ax K4s+ K9o+ Q5s+ Q9o+ J7s+ J9o+ T6s+ T9o 96s+ 98o 86s+ 75s+ 65s 54s
21.7%, 33+ A2s+ A5o+ K9s+ KTo+ QTs+
8.8%, 99+ 66 ATs+ A5s-A3s AQo+ KTs+ QTs+
3.8%, TT+ AQs+ AKo
3.8%, TT+ AQs+ AKo
3.8%, TT+ AQs+ AKo
3.9%, TT+ AQs+ AKo
5.1%, 99+ AQs+ AQo+
5.1%, 99+ AQs+ AQo+
5.0%, 99+ AQs+ AQo+
5.1%, 99+ AQs+ AQo+
5.6%, 88+ AQs+ AQo+
5.6%, 88+ AQs+ AQo+
15.2%, 33+ A8s+ A5s AJo+ K9s+ KJo+ Q9s+ J9s+ T9s
6.3%, 88+ AJs+ AQo+
7.5%, 77+ ATs+ AJo+
8.3%, 66+ ATs+ AJo+ KQs
22.8%, 22+ A2s+ A9o+ K7s+ KJo+ Q8s+ QJo J8s+ JTo T8s+ 98s 87s
10.3%, 55+ A9s+ ATo+ KJs+
12.3%, 55+ A8s+ A9o+ KJs+ KQo
40.9%, 22+ Ax K2s+ K9o+ Q5s+ Q9o+ J7s+ J9o+ T6s+ T9o 96s+ 98o 86s+ 75s+ 65s 54s
22.6%, 33+ A2s+ A5o+ K9s+ KTo+ QTs+ QJo
9.3%, 88+ 66 ATs+ A5s-A3s AQo+ KTs+ QTs+ JTs
3.8%, TT+ AQs+ AKo
3.8%, TT+ AQs+ AKo
4.0%, 99+ AQs+ AKo
5.1%, 99+ AQs+ AQo+
5.1%, 99+ AQs+ AQo+
12.2%, 55+ A9s+ A5s AJo+ K9s+ KQo QTs+ JTs
5.1%, 99+ AQs+ AQo+
5.6%, 88+ AQs+ AQo+
5.9%, 88+ AJs+ AQo+
5.9%, 88+ AJs+ AQo+
16.3%, 33+ A7s+ A5s ATo+ K9s+ KJo+ Q9s+ J9s+ T9s
7.3%, 77+ AJs+ AJo+
7.5%, 77+ ATs+ AJo+
8.3%, 66+ ATs+ AJo+ KQs
23.8%, 22+ A2s+ A8o+ K7s+ KJo+ Q8s+ QJo J8s+ JTo T8s+ 98s 87s
11.3%, 55+ A8s+ ATo+ KJs+ KQo
12.8%, 44+ A8s+ A9o+ KJs+ KQo
42.4%, 22+ Ax K2s+ K8o+ Q5s+ Q9o+ J6s+ J9o+ T6s+ T9o 96s+ 98o 85s+ 75s+ 65s 54s
23.8%, 33+ A2s+ A4o+ K9s+ KTo+ QTs+ QJo JTs
9.7%, 88+ 66 A9s+ A5s-A4s AQo+ KTs+ QTs+ JTs
3.8%, TT+ AQs+ AKo
4.3%, 99+ AQs+ AKo
4.7%, 99+ AQs+ AQo+
5.1%, 99+ AQs+ AQo+
5.2%, 99+ AQs+ AQo+
12.6%, 55+ A9s+ A5s AJo+ K9s+ KQo QTs+ JTs
5.7%, 88+ AJs+ AQo+
5.9%, 88+ AJs+ AQo+
5.9%, 88+ AJs+ AQo+
6.5%, 77+ AJs+ AQo+
16.8%, 33+ A7s+ A5s-A4s ATo+ K9s+ KJo+ Q9s+ J9s+ T9s
7.5%, 77+ ATs+ AJo+
8.3%, 66+ ATs+ AJo+ KQs
9.0%, 66+ ATs+ ATo+ KQs
24.8%, 22+ A2s+ A7o+ K8s+ KJo+ Q8s+ QJo J8s+ JTo T8s+ 98s 87s
12.3%, 55+ A8s+ A9o+ KJs+ KQo
13.3%, 44+ A7s+ A9o+ KTs+ KQo
42.9%, 22+ Ax K2s+ K8o+ Q5s+ Q9o+ J6s+ J9o+ T6s+ T8o+ 96s+ 98o 85s+ 75s+ 65s 54s
24.9%, 33+ A2s+ A4o+ K8s+ K9o+ QTs+ QJo JTs
10.1%, 88+ 66 A9s+ A5s-A4s AJo+ KTs+ QTs+ JTs
4.3%, 99+ AQs+ AKo
4.7%, 99+ AQs+ AQo+
5.1%, 99+ AQs+ AQo+
5.1%, 99+ AQs+ AQo+
5.9%, 88+ AJs+ AQo+
13.5%, 44+ A8s+ A5s AJo+ K9s+ KQo QTs+ J9s+ T9s
5.9%, 88+ AJs+ AQo+
5.9%, 88+ AJs+ AQo+
6.3%, 77+ AJs+ AQo+
7.6%, 77+ ATs+ AJo+
18.3%, 22+ A7s+ A5s-A4s ATo+ K9s+ KJo+ Q9s+ QJo J9s+ T9s 98s
7.9%, 77+ ATs+ AJo+ KQs
8.3%, 66+ ATs+ AJo+ KQs
10.3%, 55+ A9s+ ATo+ KQs
26.6%, 22+ A2s+ A7o+ A5o K9s+ KTo+ Q9s+ QTo+ J8s+ JTo T8s+ 98s 87s
12.4%, 55+ A8s+ A9o+ KJs+ KQo
15.0%, 44+ A5s+ A8o+ KTs+ KQo
44.5%, 22+ Ax K2s+ K7o+ Q4s+ Q9o+ J6s+ J9o+ T6s+ T8o+ 96s+ 98o 85s+ 75s+ 64s+ 54s
26.4%, 33+ A2s+ A3o+ K8s+ K9o+ Q9s+ QJo JTs
10.9%, 55+ A9s+ A5s AJo+ KTs+ QTs+ JTs
5.0%, 99+ AQs+ AQo+
5.1%, 99+ AQs+ AQo+
5.3%, 99+ AQs+ AQo+
5.6%, 88+ AQs+ AQo+
5.9%, 88+ AJs+ AQo+
14.1%, 44+ A8s+ A5s AJo+ K9s+ KQo Q9s+ J9s+ T9s
5.9%, 88+ AJs+ AQo+
5.9%, 88+ AJs+ AQo+
7.4%, 77+ ATs+ AJo+
8.2%, 66+ ATs+ AJo+ KQs
18.7%, 22+ A3s+ ATo+ K9s+ KJo+ Q9s+ QJo J9s+ T9s 98s
8.3%, 66+ ATs+ AJo+ KQs
9.5%, 66+ ATs+ ATo+ KQs
10.9%, 55+ A8s+ ATo+ KQs KQo
28.1%, 22+ A2s+ A5o+ K7s+ KTo+ Q8s+ QTo+ J8s+ JTo T8s+ 98s 87s
13.1%, 44+ A7s+ A9o+ KJs+ KQo
16.7%, 33+ A5s+ A8o+ KTs+ KJo+ QJs
45.6%, 22+ Ax K2s+ K6o+ Q4s+ Q9o+ J6s+ J9o+ T6s+ T8o+ 96s+ 98o 85s+ 75s+ 64s+ 54s
28.5%, 22+ Ax K7s+ K9o+ Q9s+ QTo+ JTs
12.1%, 55+ A9s+ A5s AJo+ K9s+ KQo QTs+ JTs
5.1%, 99+ AQs+ AQo+
5.6%, 88+ AQs+ AQo+
5.9%, 88+ AJs+ AQo+
5.9%, 88+ AJs+ AQo+
6.4%, 77+ AJs+ AQo+
15.2%, 33+ A8s+ A5s ATo+ K9s+ KJo+ Q9s+ J9s+ T9s
6.2%, 77+ AJs+ AQo+
7.2%, 77+ AJs+ AJo+
7.8%, 77+ ATs+ AJo+ KQs
8.3%, 66+ ATs+ AJo+ KQs
20.1%, 22+ A2s+ ATo+ K8s+ KJo+ Q9s+ QJo J8s+ T8s+ 98s
8.8%, 66+ ATs+ ATo+ KQs
10.0%, 55+ A9s+ ATo+ KQs
12.0%, 44+ A7s+ ATo+ KJs+ KQo
28.8%, 22+ A2s+ A4o+ K8s+ KTo+ Q8s+ QTo+ J8s+ JTo T8s+ 98s 87s
14.0%, 44+ A7s+ A8o+ KJs+ KQo
17.8%, 33+ A4s+ A7o+ KTs+ KJo+ QJs
48.4%, 22+ Ax K2s+ K5o+ Q4s+ Q9o+ J5s+ J9o+ T6s+ T8o+ 95s+ 98o 85s+ 87o 75s+ 64s+ 54s
29.3%, 22+ Ax K6s+ K9o+ Q9s+ QTo+ JTs
12.5%, 55+ A9s+ A5s AJo+ K9s+ KQo QTs+ JTs T9s
5.7%, 88+ AJs+ AQo+
5.9%, 88+ AJs+ AQo+
5.9%, 88+ AJs+ AQo+
6.2%, 77+ AJs+ AQo+
7.5%, 77+ ATs+ AJo+
15.8%, 33+ A8s+ A5s ATo+ K9s+ KJo+ Q9s+ J9s+ T9s
7.2%, 77+ AJs+ AJo+
7.5%, 77+ ATs+ AJo+
8.3%, 66+ ATs+ AJo+ KQs
9.0%, 66+ ATs+ ATo+ KQs
21.2%, 22+ A2s+ A9o+ K8s+ KJo+ Q8s+ QJo J8s+ T8s+ 98s
9.5%, 66+ A9s+ ATo+ KQs
10.4%, 55+ A8s+ ATo+ KJs+
13.1%, 44+ A7s+ A9o+ KJs+ KQo
31.0%, 22+ A2s+ A3o+ K6s+ KTo+ Q8s+ QTo+ J8s+ JTo T8s+ 97s+ 87s 76s
15.1%, 44+ A5s+ A8o+ KTs+ KQo
18.4%, 33+ A2s+ A7o+ KTs+ KJo+ QJs
51.5%, 22+ Ax K2s+ K4o+ Q3s+ Q8o+ J4s+ J8o+ T6s+ T8o+ 95s+ 98o 85s+ 87o 74s+ 64s+ 54s
30.9%, 22+ Ax K5s+ K8o+ Q8s+ QTo+ J9s+
13.9%, 44+ A8s+ A5s AJo+ K9s+ KQo Q9s+ J9s+ T9s
5.9%, 88+ AJs+ AQo+
5.9%, 88+ AJs+ AQo+
6.0%, 88+ AJs+ AQo+
7.7%, 77+ ATs+ AJo+
8.3%, 66+ ATs+ AJo+ KQs
17.2%, 33+ A7s+ A5s-A4s ATo+ K9s+ KJo+ Q9s+ J9s+ T9s
7.5%, 77+ ATs+ AJo+
8.1%, 66+ ATs+ AJo+ KQs
8.5%, 66+ ATs+ AJo+ KQs
10.6%, 55+ A9s+ ATo+ KQs KQo
22.9%, 22+ A2s+ A8o+ K8s+ KJo+ Q8s+ QJo J8s+ JTo T8s+ 98s
10.0%, 55+ A9s+ ATo+ KQs
12.2%, 55+ A8s+ A9o+ KJs+ KQo
13.9%, 44+ A7s+ A5s A9o+ KTs+ KQo QJs
31.9%, 22+ Ax K6s+ KTo+ Q8s+ QTo+ J8s+ JTo T7s+ 97s+ 87s 76s
15.8%, 33+ A4s+ A8o+ KTs+ KQo QJs
20.2%, 22+ A2s+ A6o+ KTs+ KJo+ QTs+
53.2%, 22+ Ax K2s+ K3o+ Q2s+ Q8o+ J4s+ J8o+ T6s+ T8o+ 95s+ 98o 85s+ 87o 74s+ 64s+ 53s+
33.0%, 22+ Ax K4s+ K7o+ Q8s+ QTo+ J9s+ JTo
14.7%, 44+ A8s+ A5s ATo+ K9s+ KQo Q9s+ J9s+ T9s
5.9%, 88+ AJs+ AQo+
6.9%, 77+ AJs+ AJo+
7.2%, 77+ AJs+ AJo+
8.0%, 66+ ATs+ AJo+ KQs
9.2%, 66+ ATs+ ATo+ KQs
18.4%, 33+ A3s+ ATo+ K9s+ KJo+ Q9s+ QJo J9s+ T8s+ 98s
8.3%, 66+ ATs+ AJo+ KQs
8.3%, 66+ ATs+ AJo+ KQs
10.0%, 55+ A9s+ ATo+ KQs
12.0%, 55+ A7s+ ATo+ KJs+ KQo
23.1%, 22+ A2s+ A8o+ K8s+ KJo+ Q9s+ QJo J8s+ JTo T8s+ 98s 87s
10.0%, 55+ A9s+ ATo+ KQs
12.8%, 44+ A8s+ A9o+ KJs+ KQo
16.9%, 33+ A4s+ A8o+ KTs+ KJo+ QJs
32.1%, 22+ Ax K6s+ KTo+ Q8s+ QTo+ J8s+ JTo T7s+ 97s+ 87s 76s
17.8%, 33+ A4s+ A7o+ KTs+ KJo+ QJs
22.2%, 22+ A2s+ A5o+ K9s+ KTo+ QTs+
54.5%, 22+ Kx+ Q2s+ Q8o+ J4s+ J8o+ T5s+ T8o+ 95s+ 98o 85s+ 87o 74s+ 64s+ 53s+
35.1%, 22+ Ax K3s+ K6o+ Q8s+ Q9o+ J9s+ JTo T9s
15.9%, 33+ A7s+ A5s ATo+ K9s+ KJo+ Q9s+ J9s+ T9s
7.5%, 77+ ATs+ AJo+
7.5%, 77+ ATs+ AJo+
7.5%, 77+ ATs+ AJo+
8.3%, 66+ ATs+ AJo+ KQs
10.2%, 55+ A9s+ ATo+ KQs
20.1%, 22+ A3s+ A9o+ K9s+ KJo+ Q9s+ QJo J9s+ T8s+ 98s
9.2%, 66+ ATs+ ATo+ KQs
9.3%, 66+ ATs+ ATo+ KQs
11.1%, 55+ A9s+ ATo+ KJs+ KQo
13.4%, 44+ A7s+ A5s A9o+ KJs+ KQo
25.7%, 22+ A2s+ A7o+ A5o K8s+ KTo+ Q9s+ QJo J8s+ JTo T8s+ 98s 87s
11.7%, 55+ A8s+ A9o+ KJs+
13.8%, 44+ A7s+ A9o+ KTs+ KQo
18.4%, 33+ A2s+ A7o+ KTs+ KJo+ QJs
33.0%, 22+ Ax K5s+ KTo+ Q8s+ QTo+ J8s+ JTo T7s+ 97s+ 86s+ 76s 65s
18.1%, 33+ A3s+ A7o+ KTs+ KJo+ QJs
24.3%, 22+ A2s+ A4o+ K9s+ KTo+ QTs+ QJo JTs
58.3%, 22+ Kx+ Q2s+ Q7o+ J3s+ J8o+ T4s+ T8o+ 95s+ 97o+ 84s+ 87o 74s+ 76o 64s+ 53s+ 43s
37.4%, 22+ Ax K2s+ K5o+ Q7s+ Q9o+ J8s+ JTo T9s
17.0%, 33+ A4s+ ATo+ K9s+ KJo+ Q9s+ J9s+ T9s 98s
7.8%, 77+ ATs+ AJo+ KQs
8.3%, 66+ ATs+ AJo+ KQs
8.3%, 66+ ATs+ AJo+ KQs
10.0%, 55+ A9s+ ATo+ KQs
12.3%, 44+ A7s+ ATo+ KJs+ KQo
20.6%, 22+ A2s+ A9o+ K9s+ KJo+ Q9s+ QJo J8s+ T8s+ 98s
9.5%, 66+ A9s+ ATo+ KQs
10.0%, 55+ A9s+ ATo+ KQs
11.9%, 44+ A8s+ ATo+ KJs+ KQo
16.5%, 33+ A4s+ A8o+ KTs+ KJo+ QJs
27.9%, 22+ A2s+ A4o+ K8s+ KTo+ Q9s+ QJo J8s+ JTo T8s+ 98s 87s
12.7%, 55+ A7s+ A9o+ KJs+ KQo
15.8%, 33+ A5s+ A8o+ KTs+ KQo QJs
20.5%, 22+ A2s+ A6o+ K9s+ KJo+ QTs+
33.8%, 22+ Ax K5s+ K9o+ Q8s+ QTo+ J7s+ JTo T7s+ 97s+ 86s+ 76s 65s
19.8%, 33+ A2s+ A7o+ K9s+ KTo+ QTs+
26.6%, 22+ Ax K8s+ KTo+ Q9s+ QJo JTs
59.9%, 22+ Kx+ Q2s+ Q6o+ J3s+ J8o+ T4s+ T7o+ 95s+ 97o+ 85s+ 87o 74s+ 76o 64s+ 53s+ 43s
40.6%, 22+ Ax K2s+ K4o+ Q6s+ Q8o+ J8s+ J9o+ T8s+
18.5%, 22+ A3s+ A9o+ K9s+ KJo+ Q9s+ J9s+ T9s 98s
8.3%, 66+ ATs+ AJo+ KQs
8.9%, 66+ ATs+ ATo+ KQs
9.3%, 66+ ATs+ ATo+ KQs
11.9%, 44+ A8s+ ATo+ KJs+ KQo
15.0%, 33+ A4s+ A9o+ KTs+ KQo QJs
15.0%, 33+ A4s+ A9o+ KTs+ KQo QJs
22.5%, 22+ A2s+ A8o+ K8s+ KJo+ Q9s+ QJo J8s+ T8s+ 98s 87s
10.6%, 55+ A8s+ ATo+ KJs+
13.7%, 44+ A7s+ A5s A9o+ KTs+ KQo
19.1%, 22+ A2s+ A7o+ KTs+ KJo+ QTs+
29.1%, 22+ A2s+ A3o+ K7s+ KTo+ Q8s+ QJo J8s+ JTo T8s+ 98s 87s
13.4%, 44+ A7s+ A9o+ KJs+ KQo
17.9%, 33+ A4s+ A7o+ KTs+ KJo+ QJs
24.3%, 22+ A2s+ A4o+ K9s+ KTo+ QTs+ QJo JTs
34.5%, 22+ Ax K4s+ K9o+ Q8s+ QTo+ J7s+ JTo T7s+ 97s+ 86s+ 76s 65s
34.5%, 22+ Ax K4s+ K9o+ Q8s+ QTo+ J7s+ JTo T7s+ 97s+ 86s+ 76s 65s
29.1%, 22+ Ax K6s+ K9o+ Q9s+ QTo+ JTs
62.0%, 22+ Kx+ Q2s+ Q5o+ J2s+ J7o+ T4s+ T7o+ 95s+ 97o+ 85s+ 87o 74s+ 76o 64s+ 53s+
45.0%, 22+ Kx+ Q4s+ Q7o+ J7s+ J9o+ T8s+ T9o 98s
20.1%, 22+ A3s+ A9o+ K9s+ KJo+ Q9s+ QJo J9s+ T8s+ 98s
9.5%, 66+ A9s+ ATo+ KQs
10.0%, 55+ A9s+ ATo+ KQs
10.0%, 55+ A9s+ ATo+ KQs
13.7%, 44+ A7s+ A5s A9o+ KTs+ KQo
19.5%, 22+ A2s+ A7o+ K9s+ KJo+ QTs+
24.6%, 22+ A2s+ A7o+ A5o K9s+ KTo+ Q9s+ QJo J8s+ T8s+ 98s 87s
10.6%, 55+ A8s+ ATo+ KJs+
12.7%, 44+ A8s+ A9o+ KJs+ KQo
16.9%, 33+ A4s+ A8o+ KTs+ KJo+ QJs
22.5%, 22+ A2s+ A5o+ K9s+ KTo+ QTs+ JTs
31.3%, 22+ Ax K6s+ KTo+ Q9s+ QTo+ J8s+ JTo T8s+ 97s+ 87s
15.2%, 44+ A5s+ A8o+ KTs+ KQo QJs
19.5%, 22+ A2s+ A7o+ K9s+ KJo+ QTs+
28.5%, 22+ Ax K7s+ KTo+ Q9s+ QTo+ J9s+
37.5%, 22+ Ax K2s+ K8o+ Q6s+ QTo+ J7s+ JTo T7s+ T9o 97s+ 86s+ 76s 65s
25.1%, 22+ A2s+ A4o+ K8s+ KTo+ Q9s+ QJo JTs
32.4%, 22+ Ax K4s+ K8o+ Q8s+ QTo+ J9s+ JTo T9s
66.3%, 22+ Qx+ J2s+ J7o+ T3s+ T7o+ 95s+ 97o+ 84s+ 86o+ 74s+ 76o 63s+ 53s+ 43s
48.6%, 22+ Kx+ Q2s+ Q6o+ J6s+ J8o+ T7s+ T9o 97s+
22.3%, 22+ A2s+ A7o+ K9s+ KJo+ Q9s+ QJo J9s+ T8s+ 98s
10.3%, 55+ A9s+ ATo+ KJs+
10.6%, 55+ A8s+ ATo+ KJs+
11.9%, 44+ A8s+ ATo+ KJs+ KQo
16.2%, 33+ A4s+ A8o+ KTs+ KQo QJs
24.5%, 22+ A2s+ A4o+ K9s+ KTo+ Q9s+ QJo JTs T9s
27.1%, 22+ A2s+ A4o+ K7s+ KTo+ Q9s+ QJo J8s+ T8s+ 98s 87s
13.1%, 44+ A7s+ A9o+ KJs+ KQo
13.4%, 44+ A7s+ A9o+ KTs+ KQo
19.6%, 22+ A2s+ A7o+ K9s+ KJo+ QTs+ JTs
28.2%, 22+ Ax K7s+ KTo+ Q9s+ QTo+ J9s+ T9s
32.8%, 22+ Ax K5s+ K9o+ Q8s+ QTo+ J8s+ JTo T8s+ 98s 87s 76s
16.6%, 44+ A4s+ A8o+ KTs+ KJo+ QJs
23.6%, 22+ A2s+ A5o+ K9s+ KTo+ QTs+ QJo JTs
32.4%, 22+ Ax K4s+ K9o+ Q8s+ QTo+ J8s+ JTo T8s+ 98s
38.8%, 22+ Ax K2s+ K7o+ Q6s+ Q9o+ J7s+ JTo T7s+ 97s+ 86s+ 76s 65s
29.0%, 22+ Ax K7s+ K9o+ Q9s+ QTo+ JTs
37.3%, 22+ Ax K2s+ K6o+ Q6s+ Q9o+ J8s+ JTo T8s+ 98s
68.5%, 22+ Qx+ J2s+ J5o+ T2s+ T7o+ 95s+ 97o+ 84s+ 86o+ 74s+ 76o 63s+ 53s+ 43s
54.4%, 22+ Kx+ Q2s+ Q4o+ J4s+ J7o+ T6s+ T8o+ 97s+ 98o 87s
24.2%, 22+ A2s+ A7o+ A5o K8s+ KTo+ Q9s+ QJo J9s+ T9s 98s
11.5%, 55+ A8s+ ATo+ KJs+ KQo
13.0%, 44+ A7s+ A9o+ KJs+ KQo
13.4%, 44+ A7s+ A9o+ KTs+ KQo
19.8%, 22+ A2s+ A7o+ K9s+ KJo+ QTs+ JTs
32.6%, 22+ Ax K4s+ K9o+ Q8s+ QTo+ J8s+ JTo T8s+ 98s 87s
29.2%, 22+ A2s+ A3o+ K6s+ KTo+ Q9s+ QTo+ J9s+ JTo T8s+ 98s
14.9%, 44+ A5s+ A8o+ KTs+ KQo QJs
16.1%, 44+ A5s+ A8o+ KTs+ KJo+ QJs
23.7%, 22+ A2s+ A5o+ K8s+ KTo+ QTs+ QJo JTs
35.1%, 22+ Ax K2s+ K8o+ Q7s+ QTo+ J8s+ JTo T8s+ 97s+ 87s 76s
33.0%, 22+ Ax K4s+ K9o+ Q8s+ QTo+ J8s+ JTo T8s+ 97s+ 87s
18.2%, 33+ A3s+ A7o+ KTs+ KJo+ QTs+
27.6%, 22+ A2s+ A3o+ K7s+ KTo+ Q9s+ QTo+ J9s+ T9s
39.7%, 22+ Ax K2s+ K6o+ Q5s+ Q9o+ J7s+ JTo T7s+ 97s+ 86s+ 76s 65s
41.3%, 22+ Ax K2s+ K5o+ Q5s+ Q9o+ J7s+ J9o+ T7s+ T9o 97s+ 87s 76s
32.1%, 22+ Ax K5s+ K8o+ Q8s+ QTo+ J9s+ JTo T9s
46.0%, 22+ Ax K2s+ K3o+ Q2s+ Q8o+ J7s+ J9o+ T7s+ T9o 97s+ 86s+ 76s 65s
71.5%, 22+ Qx+ J2s+ J3o+ T2s+ T6o+ 94s+ 97o+ 84s+ 86o+ 74s+ 76o 64s+ 53s+ 43s
62.1%, 22+ Qx+ J2s+ J5o+ T4s+ T7o+ 95s+ 97o+ 86s+ 76s
27.0%, 22+ A2s+ A4o+ K6s+ KTo+ Q9s+ QTo+ J9s+ T9s
14.0%, 44+ A7s+ A5s A9o+ KTs+ KQo QJs
15.2%, 44+ A5s+ A9o+ KTs+ KJo+ QJs
16.7%, 44+ A4s+ A8o+ KTs+ KJo+ QTs+
26.4%, 22+ A2s+ A4o+ K6s+ KTo+ Q9s+ QJo J9s+ T9s 98s
48.7%, 22+ Ax K2s+ K5o+ Q3s+ Q9o+ J5s+ J9o+ T6s+ T8o+ 95s+ 98o 85s+ 87o 75s+ 64s+ 53s+
31.4%, 22+ Ax K5s+ K9o+ Q8s+ QTo+ J8s+ JTo T9s
17.3%, 44+ A4s+ A8o+ K9s+ KJo+ QTs+ JTs
19.0%, 33+ A3s+ A8o+ K9s+ KTo+ QTs+ JTs
31.5%, 22+ A2s+ A3o+ K5s+ K9o+ Q8s+ QTo+ J8s+ JTo T8s+ 98s 87s
54.5%, 22+ Ax K2s+ K4o+ Q2s+ Q8o+ J4s+ J8o+ T6s+ T8o+ 95s+ 97o+ 85s+ 87o 74s+ 76o 64s+ 53s+
36.3%, 22+ Ax K2s+ K7o+ Q6s+ Q9o+ J8s+ JTo T8s+ 98s
21.1%, 33+ A2s+ A7o+ K9s+ KTo+ QTs+ QJo JTs
32.7%, 22+ Ax K4s+ K9o+ Q8s+ QTo+ J8s+ JTo T8s+ 98s 87s
56.9%, 22+ Kx+ Q2s+ Q8o+ J3s+ J8o+ T4s+ T8o+ 95s+ 98o 84s+ 87o 74s+ 76o 63s+ 53s+ 43s
42.9%, 22+ Ax K2s+ K4o+ Q4s+ Q8o+ J7s+ J9o+ T7s+ T9o 98s
37.0%, 22+ Ax K2s+ K7o+ Q6s+ Q9o+ J8s+ JTo T8s+ 98s 87s 76s
64.3%, 22+ Kx+ Q2s+ Q4o+ J2s+ J7o+ T3s+ T7o+ 95s+ 97o+ 84s+ 87o 74s+ 76o 63s+ 65o 53s+ 43s
73.8%, 22+ Jx+ T2s+ T5o+ 93s+ 96o+ 84s+ 86o+ 74s+ 76o 64s+ 54s
74.1%, 22+ Jx+ T2s+ T5o+ 93s+ 96o+ 84s+ 86o+ 74s+ 76o 64s+ 53s+
29.0%, 33+ A2s+ A4o+ K5s+ K9o+ Q8s+ QTo+ J9s+ JTo T9s
18.3%, 44+ A4s+ A8o+ K9s+ KTo+ QTs+ JTs
19.5%, 44+ A3s+ A8o+ K9s+ KTo+ QTs+ QJo JTs
20.1%, 44+ A2s+ A8o+ K9s+ KTo+ Q9s+ QJo JTs
39.4%, 22+ Ax K2s+ K8o+ Q6s+ Q9o+ J7s+ J9o+ T7s+ T9o 97s+ 86s+ 76s 65s
85.5%, 22+ Qx+ J2s+ J3o+ T2s+ T6o+ 92s+ 95o+ 82s+ 84o+ 72s+ 74o+ 62s+ 63o+ 52s+ 53o+ 42s+ 43o 32s
32.0%, 33+ A2s+ A3o+ K4s+ K9o+ Q8s+ Q9o+ J8s+ JTo T8s+ 98s
20.7%, 44+ A2s+ A8o+ K9s+ KTo+ Q9s+ QJo J9s+ T9s
21.9%, 44+ A2s+ A7o+ K8s+ KTo+ Q9s+ QJo J9s+ T9s
41.2%, 22+ Ax K2s+ K7o+ Q5s+ Q9o+ J7s+ J9o+ T7s+ T9o 96s+ 86s+ 75s+ 65s
89.1%, 22+ Jx+ T2s+ T4o+ 92s+ 95o+ 82s+ 84o+ 72s+ 74o+ 62s+ 63o+ 5x 42s+ 43o 32s
36.8%, 33+ Ax K2s+ K7o+ Q6s+ Q9o+ J8s+ J9o+ T8s+ 98s
26.2%, 33+ A2s+ A5o+ K7s+ KTo+ Q9s+ QTo+ J9s+ JTo T9s
43.0%, 22+ Ax K2s+ K6o+ Q4s+ Q9o+ J7s+ J9o+ T6s+ T9o 96s+ 86s+ 75s+ 65s 54s
90.0%, 22+ Jx+ T2s+ T3o+ 92s+ 95o+ 82s+ 84o+ 72s+ 74o+ 62s+ 63o+ 5x 42s+ 43o 32s
42.1%, 22+ Ax K2s+ K5o+ Q4s+ Q8o+ J7s+ J9o+ T7s+ T9o 98s
48.4%, 22+ Ax K2s+ K5o+ Q3s+ Q8o+ J5s+ J8o+ T6s+ T8o+ 96s+ 98o 86s+ 75s+ 65s 54s
94.6%, 22+ Tx+ 92s+ 93o+ 82s+ 84o+ 72s+ 73o+ 62s+ 63o+ 5x-4x 32s
77.8%, 22+ Tx+ 92s+ 95o+ 84s+ 85o+ 74s+ 76o 64s+ 54s
92.3%, 22+ 9x+ 82s+ 84o+ 72s+ 74o+ 62s+ 63o+ 52s+ 53o+ 42s+ 43o 32s
40.6%, 22+ Ax K2s+ K7o+ Q4s+ Q9o+ J7s+ J9o+ T7s+ T9o 97s+ 86s+ 76s
40.6%, 22+ Ax K2s+ K8o+ Q5s+ Q9o+ J7s+ J9o+ T7s+ T9o 96s+ 86s+ 75s+ 65s 54s
39.7%, 22+ Ax K2s+ K8o+ Q5s+ Q9o+ J7s+ J9o+ T7s+ T9o 97s+ 86s+ 76s 65s
40.3%, 22+ Ax K2s+ K7o+ Q5s+ Q9o+ J7s+ J9o+ T7s+ T9o 97s+ 86s+ 76s
69.2%, 22+ Kx+ Q2s+ Q4o+ J2s+ J6o+ T2s+ T6o+ 93s+ 96o+ 84s+ 86o+ 74s+ 76o 63s+ 65o 53s+ 43s
100.0%, Any two
42.1%, 22+ Ax K2s+ K6o+ Q4s+ Q8o+ J7s+ J9o+ T7s+ T9o 97s+ 87s 76s
40.9%, 22+ Ax K2s+ K7o+ Q5s+ Q9o+ J7s+ J9o+ T7s+ T9o 97s+ 86s+ 76s 65s 54s
40.3%, 22+ Ax K2s+ K7o+ Q5s+ Q9o+ J7s+ J9o+ T7s+ T9o 97s+ 86s+ 76s
68.6%, 22+ Kx+ Q2s+ Q4o+ J2s+ J7o+ T2s+ T6o+ 93s+ 96o+ 84s+ 86o+ 73s+ 76o 63s+ 65o 53s+ 43s
100.0%, Any two
41.3%, 33+ Ax K2s+ K6o+ Q4s+ Q8o+ J7s+ J9o+ T7s+ T9o 97s+ 87s
40.3%, 22+ Ax K2s+ K7o+ Q5s+ Q9o+ J7s+ J9o+ T7s+ T9o 97s+ 86s+ 76s
66.8%, 22+ Kx+ Q2s+ Q5o+ J2s+ J7o+ T2s+ T7o+ 93s+ 96o+ 84s+ 86o+ 73s+ 76o 63s+ 65o 53s+ 43s
100.0%, Any two
42.8%, 33+ Ax K2s+ K5o+ Q4s+ Q8o+ J7s+ J8o+ T7s+ T9o 97s+
68.6%, 22+ Kx+ Q2s+ Q4o+ J2s+ J7o+ T2s+ T6o+ 93s+ 96o+ 84s+ 86o+ 73s+ 76o 63s+ 65o 53s+ 43s
100.0%, Any two
89.4%, 22+ 9x+ 82s+ 84o+ 72s+ 74o+ 62s+ 64o+ 52s+ 54o 43s
100.0%, Any two
46.3%, 22+ Ax K2s+ K5o+ Q3s+ Q8o+ J6s+ J8o+ T6s+ T8o+ 96s+ 86s+ 76s
46.9%, 22+ Ax K2s+ K5o+ Q3s+ Q8o+ J5s+ J8o+ T6s+ T8o+ 96s+ 86s+ 76s 65s
46.9%, 22+ Ax K2s+ K5o+ Q3s+ Q8o+ J5s+ J8o+ T6s+ T8o+ 96s+ 86s+ 76s 65s
46.9%, 22+ Ax K2s+ K5o+ Q3s+ Q8o+ J5s+ J8o+ T6s+ T8o+ 96s+ 86s+ 76s 65s
100.0%, Any two
46.0%, 22+ Ax K2s+ K5o+ Q3s+ Q8o+ J6s+ J8o+ T6s+ T8o+ 97s+ 86s+ 76s
45.7%, 22+ Ax K2s+ K5o+ Q3s+ Q8o+ J6s+ J8o+ T6s+ T9o 96s+ 86s+ 76s 65s
45.7%, 22+ Ax K2s+ K5o+ Q3s+ Q8o+ J6s+ J8o+ T6s+ T9o 96s+ 86s+ 76s 65s
100.0%, Any two
44.3%, 33+ Ax K2s+ K5o+ Q4s+ Q8o+ J6s+ J8o+ T7s+ T8o+ 97s+ 87s
43.9%, 22+ Ax K2s+ K6o+ Q3s+ Q8o+ J6s+ J9o+ T6s+ T9o 96s+ 86s+ 76s 65s
100.0%, Any two
44.3%, 33+ Ax K2s+ K5o+ Q4s+ Q8o+ J6s+ J8o+ T7s+ T8o+ 97s+ 87s
100.0%, Any two
100.0%, Any two
100.0%, Any two
100.0%, Any two
100.0%, Any two
100.0%, Any two
100.0%, Any twoCalling Ranges, 3-Bet Ranges, Call 3-Bet Ranges
26.3% 55+ Ax KTs+ KTo+ QTs+ QTo+
10.1% 55+ ATs+ AJo+ KTs+ QTs+ JTs
11.5% 55+ ATs+ AJo+ KTs+ KQo QTs+ JTs T9s
12.4% 44+ ATs+ AJo+ KTs+ KQo QTs+ J9s+ T9s
15.1% 22+ A7s+ A5s ATo+ KTs+ KQo QTs+ J9s+ T9s
18.7% 22+ A2s+ A9o+ K9s+ KJo+ Q9s+ J9s+ T9s 98s
7.6% 77+ ATs+ AJo+ KQs
8.4% 66+ ATs+ AJo+ KQs